ID,Name,Gender,Age,Address,PhoneNumber,Job,Company,Education,Hobby,MBTI,BloodType,Salary,Wealth
1,김자자,남성,49,안양,010-4943-8425,가수,현대백화점,대학원졸,등산,ENFP,B,49914,18405
2,허원현,남성,28,여수,010-2974-4908,코치,엔씨소프트,고졸,외국어학습,ISTP,O,5808,759583
3,권원지,남성,42,창원,010-3603-4692,패션디자이너,네오위즈,고졸,외국어학습,ENTJ,O,8350,18616
4,권진지,남성,19,신의주,010-0150-8782,작가,대구은행,대졸,퀼트,INTJ,AB,6405,7873
5,배주진,남성,20,은평,010-9968-5344,교사,카카오뱅크,대졸,칼리그래피,ISTJ,B,3665,10387
6,임영현,남성,27,남해,010-5693-5467,건축가,빅히트뮤직,고졸,사진촬영,ISFP,O,7481,6284
7,지성혜,남성,46,남포,010-4640-7998,운전기사,한화큐셀,대졸,수영,ESTJ,A,3006,15396
8,강지예,남성,29,삼척,010-3020-8079,건축가,현대카드,고졸,사진촬영,ENFP,B,11010,6889
9,강민선,남성,41,경산,010-4857-0744,배우,삼성디스플레이,고졸,애완동물키우기,ENTJ,O,7094,9792
10,정도준,남성,36,광명,010-7076-0697,수의사,한화호텔앤드리조트,고졸,사진촬영,INFJ,A,7099,13982
11,심도주,남성,30,신의주,010-7619-5567,패션디자이너,안테나,대졸,배드민턴,INTP,AB,6820,11250
12,구준주,남성,18,만포,010-9461-0710,과학자,삼성카드,고졸,요가,ESTJ,B,10931,4216
13,구영성,남성,19,남양주,010-3978-2330,여행가이드,CJENM,대학원졸,자수,ESFP,O,3130,4520
14,서유선,남성,22,포천,010-5103-8398,요리사,삼성SDS,대졸,베이킹,ISTJ,A,5437,297
15,유주서,남성,40,대구,010-4632-0483,운동선수,신세계백화점,대졸,애완동물키우기,INTP,O,5550,5345
16,류예혜,남성,18,영주,010-9509-8827,트레이너,NH농협은행,고졸,체스,ENTJ,A,5227,8856
17,백유지,남성,40,남해,010-8629-7401,메이크업아티스트,한화생명,고졸,요리대회참가,ENTP,A,6691,3130
18,류현희,남성,40,강릉,010-1651-9480,통역사,한국철강,고졸,승마,ENFP,B,5043,720
19,백하유,남성,29,안동,010-6289-4101,운동선수,한화에어로스페이스,고졸,댄스,ISFP,A,30999,2156
20,성원성,남성,27,광주,010-5212-0902,대학교수,이마트,대학원졸,베이킹,ISTJ,O,10519,18469
21,장자진,남성,38,포천,010-9306-8407,경찰관,부산은행,고졸,퍼즐,ESFJ,AB,5694,4850
22,신주현,남성,48,중랑,010-2465-0266,회계사,엔씨소프트,대졸,댄스,ENTJ,AB,8124,17840
23,임희영,남성,46,김포,010-1843-7765,버스운전사,SK증권,대졸,배드민턴,ESTP,B,3242,19996
24,차도영,남성,19,안동,010-3639-4063,어부,NH농협은행,대학원졸,영화감상,ENFP,AB,3165,3857
25,신도우,남성,18,부천,010-5363-8921,기계공,SK바이오사이언스,대졸,클라이밍,ENFJ,AB,3791,9821
26,남서지,남성,26,천안,010-2963-3477,승무원,LG생활건강,대학원졸,음악감상,ENFJ,O,5389,12441
27,우하우,남성,25,울산,010-1654-0501,배우,DB금융투자,고졸,바둑,INFP,B,25647,1321
28,최민영,남성,47,진주,010-2700-3629,택시운전사,제주은행,고졸,DIY,INFP,A,2995,2730
29,전혜영,남성,39,강계,010-0290-7783,운동선수,IBK기업은행,대졸,배드민턴,ESFJ,AB,48716,9542
30,민민예,남성,26,은평,010-5086-7733,코치,현대제철,대학원졸,캠핑,ISTJ,A,7701,19058
31,강주성,남성,30,해주,010-7823-2978,가수,부산은행,대졸,캠핑,ENFJ,B,18684,9107
32,심진도,남성,25,LA,010-3632-0102,건축가,한진칼,대학원졸,DIY,ISTP,A,9112,9928
33,장선윤,남성,26,의정부,010-6486-5284,어부,대한제강,대학원졸,배드민턴,ESTJ,A,3030,750416
34,정서지,남성,19,포천,010-7095-4659,디자이너,동원F&B,대졸,마술,ENFJ,A,3617,678
35,임진현,남성,24,개성,010-7169-9632,운전기사,카카오뱅크,대졸,탁구,ESFJ,O,3255,16659
36,정윤진,남성,45,포항,010-4566-8209,사진작가,한국산업은행,대학원졸,유튜브제작,ENTJ,B,4306,16636
37,조혜지,남성,43,강계,010-3909-9227,엔지니어,현대차증권,대학원졸,낚시,ESTJ,A,6448,6754
38,고원영,남성,41,진주,010-3991-9662,기자,현대백화점,고졸,사진촬영,INFP,O,6948,13508
39,임자준,남성,34,철원,010-5366-7919,승무원,동원F&B,대학원졸,요리,ISFP,B,3485,12982
40,전지희,남성,25,황주,010-8898-5605,프로그래머,경남은행,고졸,목공예,ENTP,AB,5315,750273
41,심혜지,남성,40,울산,010-9094-2883,버스운전사,KT&G,고졸,가드닝,ENTP,B,3114,15679
42,차윤혜,남성,21,성진,010-2728-4020,메이크업아티스트,두산중공업,대학원졸,마술,INFJ,B,7218,12300
43,허서도,남성,37,안동,010-7707-4049,인테리어디자이너,교보증권,고졸,서핑,ISFJ,B,3336,12007
44,손우준,남성,22,구리,010-0710-7907,통역사,GS리테일,대학원졸,승마,ENFP,A,7246,15147
45,신하지,남성,33,교토,010-0067-4458,패션디자이너,SK하이닉스,대학원졸,스키,ENTP,O,7616,7025
46,박현윤,남성,37,남양주,010-5329-1651,운동선수,KTCS,고졸,서핑,ISFP,O,9069,9493
47,안현자,남성,45,도봉,010-0061-2104,수의사,WM엔터테인먼트,대졸,체스,ENFJ,AB,6123,2413
48,차진성,남성,31,남양주,010-5086-7394,기계공,KB금융지주,대졸,스케이트보드,ENFJ,AB,6973,13931
49,구미진,남성,42,오사카,010-3539-8295,수의사,제주은행,대졸,DIY,INTJ,B,8185,13507
50,박하준,남성,48,목포,010-5836-1537,인테리어디자이너,플레디스엔터테인먼트,대졸,스케이트보드,ESTJ,O,7286,11415
51,문윤진,남성,42,뉴욕,010-7515-1715,농부,삼성SDS,고졸,서예,ESTJ,O,3373,7465
52,하미지,남성,34,파주,010-2561-7846,요리사,대한제강,대학원졸,조깅,ISFP,AB,4713,2102
53,정선윤,남성,18,화천,010-0618-7542,가수,BNK투자증권,대학원졸,악기연주,ENTJ,A,42342,4913
54,강원준,남성,36,동관,010-2595-3807,약사,STX,고졸,볼링,INTP,AB,5915,15768
55,성우윤,남성,49,남포,010-7727-4314,전기기술자,롯데제과,대졸,바둑,INTP,A,4260,7460
56,조윤지,남성,49,파주,010-5579-4506,수의사,KB국민은행,대졸,그림그리기,ESTJ,AB,8069,14785
57,차민선,남성,40,도쿄,010-8770-3353,패션디자이너,현대엘리베이터,대학원졸,독서,INFP,O,7155,131941
58,임주영,남성,40,상해,010-9629-7499,농부,현대건설기계,대졸,DIY,ESTJ,B,2762,927
59,성서희,남성,20,구미,010-6590-3058,택시운전사,신한금융투자,대학원졸,클라이밍,ENFP,A,3696,4983
60,이지원,남성,48,양구,010-2335-0502,학원강사,삼성증권,고졸,애완동물키우기,ESTJ,AB,4723,4593
61,한성유,남성,49,양주,010-3561-7504,파일럿,새마을금고,대졸,블로깅,ESTP,AB,10718,6134
62,오유민,남성,43,횡성,010-0071-3563,메이크업아티스트,한국조선해양,대졸,블로깅,INFJ,O,2877,2417
63,허영진,남성,48,도쿄,010-1965-6695,소방관,포스코,대학원졸,카드게임,INFP,A,4319,8998
64,장준예,남성,26,상해,010-1872-4705,운동선수,LG화학,고졸,스케이트보드,INFP,O,25270,17406
65,안진준,남성,43,인천,010-1715-7734,운동선수,KDB산업은행,대학원졸,양궁,ESTP,AB,35485,13801
66,여자영,남성,19,고성,010-0825-7824,호텔리어,현대백화점,대졸,탁구,INFP,B,5606,8023
67,안윤진,남성,24,목포,010-2667-4551,엔지니어,삼성엔지니어링,고졸,그림그리기,INTJ,A,5368,7908
68,성유하,남성,43,울진,010-0957-1632,트레이너,SK네트웍스,고졸,칼리그래피,ISFJ,AB,4527,6762
69,지유우,남성,43,시흥,010-5567-3240,사진작가,KCC,대졸,캠핑,ENFJ,B,4294,5379
70,임선자,남성,21,하남,010-5430-8541,회계사,카카오게임즈,대졸,춤,ISFJ,A,9324,9470
71,한현예,남성,24,화천,010-9326-0288,프로그래머,푸르밀,대졸,배드민턴,ENTP,B,8835,8310
72,황유윤,남성,29,원주,010-0397-7900,기계공,KTB투자증권,고졸,목공예,ESFP,B,3298,3544
73,홍하지,남성,30,시흥,010-6251-8958,버스운전사,NH농협은행,대학원졸,서예,ESFJ,A,2943,8259
74,한진희,남성,46,횡성,010-6509-3016,변호사,현대백화점,대졸,서핑,ISFP,A,12059,1728
75,심민주,남성,43,구미,010-9124-7935,건축가,한화솔루션,대학원졸,DIY,INTP,AB,5654,17222
76,강자준,남성,43,양양,010-8522-8498,엔지니어,현대상선,고졸,애완동물키우기,ISFJ,A,4507,4904
77,엄민자,남성,38,텐진,010-3395-7348,대학교수,광주은행,대학원졸,사진촬영,ENTJ,B,12643,2720
78,노현유,남성,36,삼척,010-5486-2702,작가,신한금융투자,대졸,블로깅,INTJ,B,9513,16209
79,엄진민,남성,48,울산,010-3743-8827,연구원,아시아나항공,대졸,마술,ESTP,O,5541,11510
80,권유자,남성,44,뉴욕,010-4775-8508,운전기사,CJ제일제당,대학원졸,목공예,INTP,B,3003,19095
81,고민혜,남성,32,남양주,010-3349-9622,요리사,DB금융투자,대졸,뜨개질,ESFJ,AB,4736,7346
82,나진주,남성,40,해주,010-8077-5809,작가,유안타증권,고졸,음악감상,ISFJ,B,8988,114
83,지미혜,남성,23,동해,010-8603-4373,용접공,삼성디스플레이,대학원졸,요가,ESFP,AB,3448,3730
84,허자희,남성,42,통영,010-3806-5231,가수,STX,고졸,유튜브제작,ESTP,A,42458,180294
85,문준현,남성,34,고양,010-5554-0036,농부,경남은행,대학원졸,클라이밍,ISTP,A,3841,10046
86,우우영,남성,31,부천,010-9560-9716,농부,울림엔터테인먼트,대졸,스노보드,ENFJ,A,3698,63224
87,주주민,남성,33,거제,010-1055-2333,사진작가,한국가스공사,고졸,퍼즐,INTJ,AB,7871,3196
88,조도지,남성,20,텐진,010-4709-7981,버스운전사,삼성디스플레이,고졸,골프,ESTP,O,2782,14981
89,조희원,남성,32,만포,010-7871-4399,기자,현대차증권,대학원졸,명상,INTP,B,5745,15038
90,백주도,남성,44,경주,010-4130-1003,가수,SM엔터테인먼트,고졸,운동,ISTJ,AB,48486,5713
91,임혜지,남성,32,교토,010-4146-5435,연구원,플레디스엔터테인먼트,대학원졸,자수,ISTP,AB,3538,13740
92,송유유,남성,21,도봉,010-9529-4440,메이크업아티스트,미래에셋증권,대졸,퍼즐,ENFP,B,7205,5309
93,여자영,남성,42,속초,010-1370-9599,화가,한국산업은행,대학원졸,수영,ENFP,O,5250,19356
94,윤진영,남성,41,통영,010-1043-7558,버스운전사,현대엘리베이터,대학원졸,저글링,ISFP,A,4167,9035
95,정도미,남성,43,금천,010-4804-8911,회계사,한국타이어,고졸,필라테스,ENFP,AB,9256,18122
96,임도윤,남성,29,도쿄,010-9705-3905,어부,YG엔터테인먼트,대졸,댄스,ENTP,A,4582,18154
97,최서준,남성,22,평양,010-3507-5313,용접공,한화에어로스페이스,대학원졸,여행,ESTJ,B,3079,17108
98,양주선,남성,21,포천,010-6121-9965,운동선수,CJCGV,고졸,서핑,ENTJ,A,42095,2641
99,오혜도,남성,43,성북,010-1796-8439,교사,네이버,대학원졸,요리,INFJ,O,5811,7021
100,이지우,남성,48,삼천포,010-9614-4005,어부,현대위아,대졸,블로깅,ISTJ,AB,5678,16506
101,진민예,남성,31,교토,010-4315-6207,의사,LS산전,대졸,볼링,ENFP,A,8421,14244
102,송주현,남성,21,베이징,010-6164-7988,간호사,SK텔레콤,고졸,서예,ISFJ,B,5655,1212
103,임예유,남성,38,라선,010-3181-4946,교사,HYBE,대졸,승마,ENTJ,A,5395,491083
104,전윤혜,남성,38,강계,010-8580-4978,사진작가,LotteDutyFree,대졸,자전거타기,ISFJ,A,7444,17073
105,구성미,남성,47,상해,010-3087-9187,건축가,KB국민은행,대학원졸,도예,ENFJ,B,8841,12187
106,우주지,남성,46,부천,010-6706-5064,판매원,씨티은행,대졸,요트,ISTJ,A,3722,19630
107,성도주,남성,20,봉화,010-2036-4437,의사,셀트리온,대학원졸,블로깅,INFP,B,15615,12259
108,임혜성,남성,25,하남,010-7411-4224,호텔리어,케이프투자증권,대학원졸,춤,ENTP,B,5769,9909
109,허선성,남성,31,부산,010-9943-2506,패션디자이너,빅히트뮤직,대학원졸,영화감상,ESFJ,AB,5633,19051
110,심성성,남성,46,밀양,010-2363-6724,프로그래머,현대하이닉스,고졸,헬스,ISFJ,A,4288,5472
111,문예성,남성,37,홍천,010-3064-5373,전기기술자,대우인터내셔널,고졸,수영,ENFJ,B,4280,18923
112,나우윤,남성,27,울진,010-3585-7168,연구원,SK네트웍스,대학원졸,가드닝,INTJ,AB,7256,19279
113,유성주,남성,31,울릉,010-4214-6843,전기기술자,CJ제일제당,고졸,애완동물키우기,ISTJ,B,3478,335818
114,황예하,남성,19,속초,010-7088-2591,번역가,DB금융투자,고졸,요가,ESTP,B,6396,144010
115,이지하,남성,37,교토,010-0515-6146,연구원,JYP엔터테인먼트,대졸,외국어학습,ENFJ,B,5639,3531
116,박준서,남성,26,진주,010-2371-9442,운전기사,키움증권,대졸,퀼트,INTP,B,3732,6459
117,이원준,남성,31,포천,010-0048-8526,영양사,아모레퍼시픽,대학원졸,골프,ENFJ,AB,4440,9320
118,허진하,남성,22,광양,010-9083-9836,호텔리어,SK이노베이션,고졸,종이접기,ESFJ,O,3442,7336
119,윤주자,남성,41,양산,010-2946-9376,통역사,LS산전,고졸,조깅,INFP,B,3553,3340
120,조희자,남성,23,라선,010-9750-6443,교사,광주은행,대학원졸,가드닝,INTP,O,5792,14184
121,강예희,남성,19,진주,010-5663-7054,승무원,네오위즈,고졸,탁구,ENTP,B,4501,11929
122,서희우,남성,33,철원,010-3894-9634,간호사,한화큐셀,대학원졸,클라이밍,ISFP,A,4817,19042
123,허희희,남성,21,여수,010-6410-4090,헤어디자이너,대한제강,대졸,외국어학습,ENFJ,O,5980,15000
124,손희하,남성,30,파주,010-0400-8118,코치,한화큐셀,고졸,사진촬영,ESTP,A,7820,16758
125,박도성,남성,29,창원,010-7997-0713,화가,롯데제과,대학원졸,승마,INTJ,AB,4521,16450
126,민선선,남성,36,교토,010-3918-2070,의사,신세계,고졸,노래부르기,ESTP,B,17934,7001
127,지원미,남성,48,포항,010-0929-5604,버스운전사,SK머티리얼즈,대졸,스노보드,ESTP,B,3019,391
128,유우윤,남성,20,나주,010-5111-1639,가수,WM엔터테인먼트,고졸,낚시,ISTJ,O,37467,12969
129,우예서,남성,21,동관,010-6368-6572,목수,한국투자증권,고졸,체스,ESTJ,A,3275,8557
130,양유민,남성,44,영주,010-7802-3431,패션디자이너,삼성전기,고졸,춤,INFP,O,6840,10385
131,문하미,남성,26,영주,010-1191-7524,배관공,삼성증권,대졸,볼링,ISFJ,O,3249,18162
132,백성주,남성,47,홍천,010-4528-7375,호텔리어,한국가스공사,고졸,헬스,INFJ,A,5840,16454
133,최원윤,남성,18,신의주,010-4640-0389,인테리어디자이너,현대카드,대학원졸,체스,INTJ,A,4236,16958
134,배민하,남성,43,개성,010-6682-9628,패션디자이너,미래에셋증권,대학원졸,DIY,ISFJ,B,8591,3799
135,구우성,남성,24,경주,010-0277-2034,파일럿,플레디스엔터테인먼트,대졸,자전거타기,ISFP,B,7825,16561
136,송희자,남성,25,평양,010-1394-0936,디자이너,LotteDutyFree,대졸,요가,INFP,AB,4033,10055
137,탁준미,남성,21,고양,010-1513-1374,호텔리어,대한항공,고졸,DIY,ENFJ,A,3641,529755
138,남우우,남성,22,고양,010-5034-4958,사진작가,케이프투자증권,대졸,퍼즐,ISFP,O,2630,16749
139,유서지,남성,21,시흥,010-6436-3234,호텔리어,롯데제과,대학원졸,클라이밍,ESTJ,B,5901,17627
140,심서원,남성,33,횡성,010-7708-5923,작가,신한은행,대졸,블로깅,ENTJ,AB,3106,17282
141,엄도유,남성,47,해주,010-7765-5604,가수,부산은행,대졸,종이접기,INFJ,B,42966,2599
142,유서자,남성,48,상해,010-4330-4605,용접공,유안타증권,고졸,여행,ENTP,B,4335,17705
143,윤하자,남성,34,성북,010-7905-9776,마케터,부산은행,대학원졸,캠핑,ISFJ,O,3420,1508
144,송자지,남성,24,진주,010-2022-1323,화가,부산은행,대졸,퀼트,INTJ,B,4320,17506
145,민윤준,남성,20,서초,010-0954-8332,용접공,SK바이오팜,고졸,골프,ESFJ,AB,4755,2989
146,구윤지,남성,26,광양,010-5521-5845,버스운전사,대구은행,대학원졸,애완동물키우기,ESFJ,B,2631,5183
147,권서원,남성,42,김포,010-1076-4174,어부,SKC,대학원졸,낚시,ENTJ,O,4700,4845
148,최예우,남성,28,성북,010-0589-7111,전기기술자,DB금융투자,대학원졸,낚시,INTJ,AB,6849,10876
149,김지지,남성,29,양양,010-9245-6921,목수,한화생명,대졸,여행,INFP,O,4249,9921
150,권우준,남성,32,의성,010-5045-8924,약사,카카오뱅크,대학원졸,춤,ISTP,O,6530,19363
151,성예선,남성,34,도쿄,010-7741-9671,승무원,현대제철,고졸,독서,INTJ,B,6154,18054
152,변예도,남성,46,동관,010-1898-8882,택시운전사,LG유플러스,대졸,노래부르기,ESFJ,B,2711,7275
153,민성도,남성,32,영천,010-4764-5206,대학교수,LotteDutyFree,대학원졸,외국어학습,ESTJ,A,7176,17060
154,남지희,남성,22,여주,010-3244-1371,교사,포스코,대졸,요리,INTP,O,5878,5182
155,홍영진,남성,41,성남,010-7333-8598,대학교수,대림산업,대학원졸,체스,ENTP,A,8994,14
156,남미희,남성,21,서울,010-8171-3189,메이크업아티스트,삼성생명,대졸,댄스,INTJ,AB,2785,9376
157,엄도혜,남성,47,나주,010-0498-2570,교사,동아제약,대졸,명상,ESFJ,B,5005,5926
158,윤도영,남성,48,경주,010-4628-1761,승무원,삼성SDI,고졸,퍼즐,ESTP,B,3289,3181
159,강주혜,남성,19,함흥,010-0893-5274,승무원,카카오,대학원졸,배드민턴,ENTP,A,4471,15583
160,강우진,남성,49,의성,010-6642-5077,디자이너,한국전력공사,대학원졸,노래부르기,ISFJ,O,4024,17194
161,성민우,남성,19,성남,010-2935-8056,코치,대림산업,대학원졸,승마,ENFJ,O,6040,10491
162,탁원준,남성,33,진주,010-7125-3252,기계공,현대일렉트릭,대졸,요리,ENFP,AB,4659,19425
163,백성희,남성,19,원산,010-9358-6377,소방관,대우인터내셔널,대학원졸,낚시,ISFP,A,5196,506
164,이도서,남성,48,부산,010-2196-8534,승무원,브레이브엔터테인먼트,대학원졸,체스,INFP,A,4107,15820
165,조진성,남성,48,울진,010-7846-4797,건축가,한국철강,고졸,노래부르기,ESTJ,B,5802,126867
166,최우우,남성,38,동관,010-6507-7589,통역사,삼성카드,고졸,헬스,ENFJ,A,6561,12991
167,고도하,남성,23,라선,010-9406-0920,파일럿,한국산업은행,대학원졸,퍼즐,ISTP,AB,9282,8421
168,한준진,남성,32,양양,010-9355-2475,교사,카카오뱅크,대졸,요트,ISTP,AB,5347,8193
169,탁주주,남성,27,대전,010-6702-0252,소방관,신한은행,대학원졸,서예,INFP,B,5645,9516
170,엄자미,남성,40,여수,010-6576-4213,대학교수,현대자동차,대졸,도예,ISTJ,O,11325,18526
171,허민하,남성,43,안동,010-4823-3007,변호사,현대중공업,대졸,양궁,ISFJ,O,13027,4209
172,우예윤,남성,31,인천,010-6667-5907,화가,현대엘리베이터,대졸,요가,ISFP,B,8377,5968
173,한서성,남성,35,안주,010-2353-4056,승무원,동아제약,고졸,볼링,ENFP,AB,3605,19379
174,고지지,남성,46,예천,010-9605-6808,버스운전사,DSP미디어,고졸,퀼트,INTJ,O,3890,829719
175,조지영,남성,29,대구,010-5329-9324,농부,카카오엔터테인먼트,대졸,캠핑,ESTJ,AB,3077,2694
176,탁지지,남성,33,사리원,010-7413-4919,간호사,카카오뱅크,대학원졸,종이접기,INFJ,B,5775,11668
177,변미유,남성,40,파주,010-1189-1047,경찰관,현대리바트,대학원졸,서예,INFP,O,4816,5817
178,안하성,남성,48,영주,010-3268-0526,목수,LG유플러스,고졸,스케이트보드,ENTP,O,5260,19281
179,황윤윤,남성,20,의성,010-3244-7841,과학자,한국전력공사,대졸,목공예,INTJ,B,10536,3705
180,배성주,남성,27,강릉,010-3686-4413,코치,교보증권,고졸,퍼즐,ENTJ,O,3850,19015
181,임하선,남성,38,울릉,010-6877-8728,작가,DSP미디어,대졸,마술,ENFP,A,5107,16767
182,임우희,남성,45,화성,010-4600-4099,교사,빅히트뮤직,대졸,게임,ISTJ,B,3515,832735
183,이자진,남성,42,철원,010-5782-1537,영양사,한국산업은행,대학원졸,여행,ENFP,B,4700,12806
184,차예서,남성,34,고령,010-8707-3192,변호사,KCC,대학원졸,퀼트,ESTJ,O,12614,680
185,변예현,남성,40,강계,010-9104-6329,배우,광주은행,대학원졸,카드게임,INTP,B,20774,5886
186,최준선,남성,39,강계,010-7175-9259,프로그래머,현대모비스,고졸,요가,INTP,AB,9193,16708
187,문성예,남성,47,양주,010-0897-5042,농부,롯데쇼핑,대학원졸,블로깅,INFJ,AB,4846,10679
188,이윤민,남성,18,남해,010-1822-9621,택시운전사,빅히트뮤직,고졸,퍼즐,ISFJ,O,2778,4026
189,진혜현,남성,27,양주,010-6955-2439,약사,현대위아,대졸,양궁,ENFJ,O,4994,12185
190,권희선,남성,38,진해,010-2084-6685,전기기술자,현대자동차,대학원졸,골프,ISTJ,O,6742,13436
191,우주혜,남성,22,LA,010-1958-0660,전기기술자,대우건설,고졸,클라이밍,ESTJ,O,3568,8753
192,김혜성,남성,35,남포,010-4718-0246,프로그래머,현대카드,대졸,체스,ESTJ,A,4421,16263
193,남민선,남성,34,천안,010-9463-9355,변호사,WM엔터테인먼트,고졸,자전거타기,ISTJ,B,11570,17946
194,오하주,남성,24,광양,010-9265-6260,과학자,대한제강,고졸,골프,INTP,O,8669,19820
195,송도진,남성,40,울릉,010-8646-9902,경찰관,삼성SDS,대학원졸,수영,ENFP,A,5288,14318
196,탁선원,남성,43,동관,010-6130-2370,목수,신한금융투자,대졸,체스,ENTP,A,4812,18325
197,고예윤,남성,34,서초,010-6335-7754,교사,한국철강,대학원졸,배드민턴,ISTP,B,4933,4627
198,지희지,남성,34,횡성,010-7530-3956,기자,SK이노베이션,고졸,외국어학습,ISFP,A,3069,1643
199,차서자,남성,36,창녕,010-3913-0581,영양사,현대제철,고졸,종이접기,ESTP,AB,3071,4008
200,구유윤,남성,43,여주,010-4253-0582,기자,현대건설기계,대학원졸,조깅,ESFP,O,5813,17615
201,민민성,남성,33,대전,010-2380-2847,트레이너,두산,고졸,사진촬영,ESFP,B,4601,6428
202,고자우,남성,38,베이징,010-5598-2564,화가,CJENM,대학원졸,서예,ESTP,O,9028,3169
203,전준우,남성,38,고양,010-1303-8111,대학교수,이마트24,고졸,스케이트보드,ENFJ,B,12446,14952
204,구선현,남성,43,봉화,010-9043-2447,건축가,한진칼,대졸,볼링,INTP,AB,9809,18266
205,주자지,남성,46,밀양,010-9355-7719,전기기술자,하나투어,고졸,퍼즐,INFP,AB,3390,5711
206,정윤성,남성,31,안양,010-3624-2256,요리사,두산,대학원졸,음악감상,ENTJ,B,5473,6298
207,조자서,남성,46,울릉,010-0386-9260,경찰관,세아제강,고졸,노래부르기,ENFJ,B,5301,1725
208,강선지,남성,34,라선,010-7739-8080,프로그래머,삼성중공업,대졸,퀼트,ESTP,O,8019,3034
209,문우혜,남성,35,경주,010-2749-2355,경찰관,한화큐셀,고졸,마술,INTP,O,4113,19487
210,송선도,남성,48,평양,010-6306-5624,가수,아모레퍼시픽,대졸,도예,ESFJ,A,40882,15600
211,진혜자,남성,36,삼천포,010-8259-3559,운전기사,현대오일뱅크,고졸,요리대회참가,ISFJ,B,3429,18680
212,권미선,남성,39,삼천포,010-2255-6372,가수,이마트24,대졸,양궁,ISFP,B,49291,13706
213,임도현,남성,46,창녕,010-6281-5719,영양사,하나금융투자,대졸,탁구,ISFJ,AB,4110,14763
214,변지서,남성,43,강계,010-0993-9920,대학교수,현대건설,대졸,요리대회참가,INFP,A,13049,3636
215,우준미,남성,44,구리,010-5817-0632,엔지니어,JYP엔터테인먼트,대학원졸,승마,INFP,O,4644,5293
216,배윤예,남성,20,안산,010-5071-7732,용접공,SK네트웍스,고졸,헬스,INTP,AB,3246,12842
217,성도도,남성,49,상해,010-7623-6469,택시운전사,삼성생명,고졸,스케이트보드,INTP,A,2721,3043
218,오민서,남성,36,안주,010-1283-2418,사진작가,한화그룹,대학원졸,요리대회참가,ESTP,AB,2808,14674
219,조서윤,남성,23,송파,010-8138-5667,목수,이마트,고졸,독서,ESFJ,B,4495,18269
220,배서유,남성,20,개성,010-3813-6358,요리사,네오위즈,고졸,스케이트보드,INFJ,A,3448,19682
221,서서원,남성,21,태백,010-2080-9509,트레이너,FNC엔터테인먼트,고졸,댄스,INFP,O,5871,823775
222,성진서,남성,37,여수,010-9456-6666,기자,대우인터내셔널,고졸,퍼즐,INFP,AB,5316,8238
223,심지윤,남성,46,나주,010-5450-2571,호텔리어,대구은행,고졸,유튜브제작,ESTP,O,5472,16161
224,민미성,남성,27,성남,010-4139-7746,작가,DB금융투자,고졸,골프,INTJ,AB,2695,17344
225,허하진,남성,33,광명,010-9065-2967,회계사,세아제강,대학원졸,독서,INFJ,A,7368,15562
226,류원미,남성,45,텐진,010-8634-8039,화가,이마트,고졸,독서,ESFJ,AB,4226,6048
227,안진주,남성,19,광양,010-5316-7686,여행가이드,LG유플러스,고졸,체스,INFP,AB,4354,9523
228,허예주,남성,45,부산,010-1087-4796,연구원,현대중공업,대학원졸,클라이밍,ESFP,AB,7244,16097
229,남도도,남성,19,황주,010-7064-6453,택시운전사,한국동서발전,대졸,스노보드,ESTJ,AB,2887,18436
230,윤우서,남성,38,목포,010-9007-4467,택시운전사,LG유플러스,고졸,블로깅,INFP,A,3144,10715
231,나지우,남성,26,원주,010-1030-3447,용접공,현대건설,고졸,블로깅,ISTJ,A,3695,6926
232,성현지,남성,19,하남,010-2828-6338,기자,FNC엔터테인먼트,고졸,테니스,ESTJ,B,3216,16652
233,조준하,남성,25,포항,010-8461-2093,연구원,KB국민은행,고졸,퀼트,ISFJ,B,5931,5219
234,홍민영,남성,19,중랑,010-0094-3547,기계공,플레디스엔터테인먼트,대학원졸,독서,INFJ,A,6287,559821
235,고주진,남성,32,대전,010-0689-9592,판매원,FNC엔터테인먼트,대졸,칼리그래피,ESTP,AB,3531,5309
236,남희원,남성,23,광명,010-7284-9264,목수,DB금융투자,대졸,애완동물키우기,ESTJ,O,3941,5777
237,신현성,남성,43,도봉,010-2620-0034,소방관,CJENM,대학원졸,등산,ENTP,B,5769,19648
238,오준우,남성,46,황주,010-0260-9443,패션디자이너,한화솔루션,고졸,뜨개질,ENTP,B,5424,16371
239,전미도,남성,49,밀양,010-8912-6354,영양사,롯데케미칼,대졸,외국어학습,ISFJ,AB,2983,309651
240,나예영,남성,21,인제,010-8488-9040,용접공,현대건설,고졸,애완동물키우기,ISTP,O,3102,12709
241,구예원,남성,36,서울,010-6460-8129,교사,현대리바트,고졸,목공예,ENFP,AB,5485,13320
242,고우원,남성,32,송파,010-3381-3480,택시운전사,농심,고졸,승마,ENFJ,O,2628,7059
243,유하유,남성,19,인제,010-5901-9121,승무원,수협은행,고졸,베이킹,INTJ,A,4973,12748
244,임원선,남성,48,사리원,010-7306-0105,번역가,KTCS,대학원졸,요리대회참가,INFJ,A,4353,15471
245,지준미,남성,27,서울,010-9695-0605,트레이너,세아제강,대졸,캠핑,INTP,AB,3137,1049
246,안윤서,남성,36,양산,010-3739-6640,회계사,FNC엔터테인먼트,대학원졸,노래부르기,INFJ,B,8278,16221
247,장서영,남성,28,의성,010-8566-2189,연구원,플레디스엔터테인먼트,대졸,마술,ENTJ,B,9311,11199
248,백지희,남성,26,오사카,010-1487-3045,전기기술자,삼성전기,고졸,퍼즐,ESFJ,B,5279,7845
249,노예희,남성,37,교토,010-9916-3609,배관공,씨티은행,대학원졸,독서,ESFP,A,2587,15191
250,여원자,남성,44,속초,010-9111-9742,인테리어디자이너,SK머티리얼즈,대졸,외국어학습,ISFJ,AB,5509,12164
251,조미지,남성,47,원주,010-9838-0071,승무원,토스뱅크,고졸,노래부르기,ISFJ,A,4284,759403
252,강희준,남성,38,마포,010-8090-7274,수의사,삼성중공업,대학원졸,사진촬영,ESTJ,O,4123,6237
253,엄도진,남성,39,강계,010-1220-1565,인테리어디자이너,카카오엔터테인먼트,고졸,스노보드,ENTJ,O,6419,17359
254,홍선도,남성,47,철원,010-3482-7324,운전기사,수협은행,고졸,여행,ENTJ,B,2623,4461
255,양현희,남성,36,통영,010-4636-9771,농부,삼성물산,고졸,베이킹,ESFP,B,4595,9873
256,지우준,남성,37,강릉,010-1063-3525,수의사,KDB산업은행,대졸,가드닝,ENFP,O,5595,8890
257,장지영,남성,29,의정부,010-6181-4120,승무원,삼성전자,대졸,배드민턴,ESFP,A,6663,1761
258,노지서,남성,20,송파,010-3598-7307,번역가,세아제강,대졸,사진촬영,INFJ,A,4761,162405
259,배선예,남성,18,개성,010-6025-4229,대학교수,유안타증권,고졸,퀼트,ENFP,B,10779,5177
260,남지성,남성,20,울진,010-7091-1056,전기기술자,광주은행,대학원졸,양궁,ISFP,AB,5870,559161
261,임원성,남성,44,경주,010-2917-3060,메이크업아티스트,우리은행,대학원졸,탁구,ISTJ,A,6889,9787
262,구희지,남성,39,나주,010-1668-1167,전기기술자,한국철강,대학원졸,스노보드,INFJ,O,4357,14543
263,임예희,남성,46,밀양,010-5409-2577,경찰관,DB금융투자,고졸,승마,ISTJ,O,4778,776109
264,배현희,남성,21,남양주,010-9473-4202,판매원,하나금융투자,고졸,노래부르기,ENFP,AB,2735,4564
265,구주원,남성,45,만포,010-0920-4572,패션디자이너,제주은행,대졸,노래부르기,ISTJ,AB,5103,15198
266,주진영,남성,18,중랑,010-9526-4828,소방관,RBW,대학원졸,테니스,ENTP,AB,4280,13987
267,임자윤,남성,34,하남,010-1101-1265,약사,현대일렉트릭,고졸,칼리그래피,INFJ,B,5954,15695
268,여미민,남성,46,청진,010-2482-4177,프로그래머,CJENM,대졸,조깅,ESFJ,B,5763,936579
269,전지현,남성,29,영주,010-0899-1527,화가,SK바이오팜,고졸,뜨개질,ENFJ,B,6299,1042
270,최우성,남성,30,인천,010-4423-1524,트레이너,SK바이오팜,고졸,서핑,ESTP,B,5535,2477
271,문현서,남성,34,동관,010-6552-7666,간호사,대한항공,고졸,등산,INFP,O,3931,9432
272,한지유,남성,35,영천,010-8196-3699,배관공,넥슨코리아,대졸,사진촬영,INFJ,B,5937,16542
273,한혜유,남성,41,중랑,010-7010-4908,기자,새마을금고,대학원졸,악기연주,ISTP,A,5133,15840
274,성예미,남성,42,황주,010-1955-0587,프로그래머,현대중공업,대졸,춤,ESTP,A,9344,18761
275,김진원,남성,45,광주,010-2660-4220,프로그래머,현대리바트,대학원졸,게임,INFJ,B,8311,4352
276,노미주,남성,43,교토,010-7124-8691,전기기술자,JYP엔터테인먼트,대졸,퍼즐,ESTP,AB,4810,95827
277,양영현,남성,36,하남,010-3088-4259,회계사,현대일렉트릭,대졸,외국어학습,ISTJ,O,4727,8422
278,유미예,남성,31,통영,010-5967-3435,승무원,롯데케미칼,대학원졸,애완동물키우기,ENTP,B,5748,258767
279,주혜유,남성,24,뉴욕,010-1548-9450,메이크업아티스트,삼성엔지니어링,고졸,요트,INTP,O,5148,2059
280,나자희,남성,35,대구,010-7690-0411,버스운전사,CJ제일제당,대학원졸,노래부르기,ENFP,AB,2935,3751
281,심선준,남성,48,철원,010-3444-6376,의사,카카오,대학원졸,뜨개질,ESTJ,A,7763,1747
282,성자진,남성,46,부천,010-6793-8137,엔지니어,RBW,고졸,독서,ENFP,AB,4534,18017
283,홍현진,남성,35,서초,010-3087-5386,대학교수,이마트24,대학원졸,마술,ISTP,O,6179,19452
284,손지윤,남성,30,밀양,010-4300-0670,경찰관,대신증권,대졸,요리,ENTJ,O,3587,10757
285,백예영,남성,21,태백,010-1744-0963,버스운전사,대우건설,고졸,독서,ISTJ,AB,4114,10394
286,엄민미,남성,43,강계,010-2878-5036,디자이너,CJ제일제당,대학원졸,양궁,ESTJ,O,5411,8015
287,전유혜,남성,48,안동,010-4652-7446,요리사,농심,대학원졸,애완동물키우기,ENFP,AB,7080,12067
288,손우진,남성,46,김해,010-3936-3266,배관공,메리츠증권,대졸,노래부르기,INFP,A,5258,17679
289,김미선,남성,43,원산,010-9406-6438,요리사,대구은행,고졸,배드민턴,ISFJ,B,3330,7371
290,민우준,남성,25,베이징,010-5378-4905,프로그래머,DB금융투자,대졸,외국어학습,ESTP,A,6265,7180
291,권준윤,남성,41,청진,010-9837-0259,파일럿,하나은행,대학원졸,애완동물키우기,ENTJ,AB,14402,14076
292,백지선,남성,19,화성,010-3975-9137,마케터,현대위아,대학원졸,종이접기,ISFJ,A,7499,11858
293,황진지,남성,24,전주,010-3480-6190,사진작가,푸르밀,대학원졸,바둑,ESFJ,A,3851,1078
294,탁지자,남성,38,구리,010-0470-2969,택시운전사,세아제강,대졸,명상,ESFP,A,3863,6374
295,임민현,남성,45,남해,010-8259-1787,통역사,이베스트투자증권,대졸,헬스,ENTJ,AB,7111,9406
296,백지준,남성,23,마포,010-0193-2452,약사,NH농협은행,대졸,요가,ISFP,AB,6139,1844
297,오서선,남성,20,여수,010-3537-0440,의사,HYBE,고졸,서예,ISFP,B,9054,3234
298,박원지,남성,41,영천,010-9137-6957,전기기술자,이베스트투자증권,대학원졸,댄스,ENTP,B,4083,10054
299,최민주,남성,36,상주,010-7095-8575,건축가,GS건설,고졸,댄스,ESTJ,O,9500,685
300,구준미,남성,25,마포,010-0011-0893,변호사,삼성디스플레이,고졸,보드게임,ISFP,O,6104,5783
301,여자지,남성,45,구리,010-2856-8963,어부,KT&G,대학원졸,스케이트보드,INTP,B,2296,468982
302,서혜윤,남성,35,부산,010-0773-6366,번역가,현대카드,대학원졸,저글링,ESTJ,B,2634,2918
303,유주자,남성,29,동관,010-9955-2581,디자이너,동아제약,대학원졸,외국어학습,INTJ,O,3841,6600
304,권주혜,남성,36,텐진,010-2129-3391,승무원,세아제강,대졸,필라테스,ISFP,B,5949,14150
305,민유진,남성,42,철원,010-0662-7044,파일럿,GS리테일,대졸,유튜브제작,ESTP,AB,8477,16141
306,지지윤,남성,37,안양,010-4351-5473,패션디자이너,SK텔레콤,고졸,DIY,ISFJ,AB,7272,5090
307,김자자,남성,22,용인,010-2411-2817,패션디자이너,현대중공업,대학원졸,칼리그래피,ESFJ,B,5965,869
308,안준선,남성,47,강계,010-6240-0830,기자,LG하우시스,대졸,운동,ESTJ,A,4760,5424
309,백윤현,남성,46,전주,010-0804-6005,교사,네이버,대졸,악기연주,ISTP,AB,5400,15457
310,나희예,남성,32,예천,010-0251-3871,판매원,CJ제일제당,고졸,낚시,INTJ,B,2678,14198
311,나유윤,남성,38,예천,010-2573-8207,목수,키움증권,대졸,도예,ESTJ,O,3769,17120
312,임희선,남성,18,안양,010-1493-5578,배우,현대백화점,고졸,스노보드,ESTJ,A,2944,5521
313,권미주,남성,34,청주,010-7061-7742,경찰관,현대자동차,대졸,스노보드,ENFJ,O,4754,10874
314,오미윤,남성,44,광양,010-4816-9854,어부,현대리바트,대졸,애완동물키우기,INFJ,B,3060,10762
315,임원지,남성,29,마포,010-9196-6486,작가,CJ제일제당,대학원졸,악기연주,ISTP,O,2939,9945
316,홍현민,남성,28,강릉,010-3097-0660,회계사,LG이노텍,대졸,클라이밍,ISTJ,AB,9194,6316
317,오지성,남성,23,오사카,010-9789-5413,화가,현대건설,대졸,스노보드,ESTP,A,6609,4198
318,정지혜,남성,38,광주,010-0526-1808,코치,카카오뱅크,대학원졸,테니스,ENFJ,A,5700,933149
319,황선주,남성,28,상주,010-0995-2096,파일럿,LG전자,대학원졸,음악감상,INTJ,B,12079,6125
320,장영성,남성,33,텐진,010-2000-6422,엔지니어,동부건설,고졸,운동,ENTJ,O,5706,18728
321,오선자,남성,46,대전,010-6873-0059,디자이너,STX,대학원졸,DIY,ESTP,O,3843,10832
322,양희우,남성,35,베이징,010-4512-7240,의사,동부건설,고졸,스노보드,INFJ,A,10084,2963
323,심민현,남성,35,은평,010-8642-2805,회계사,롯데제과,대학원졸,칼리그래피,ENFP,A,7409,38415
324,문희준,남성,44,만포,010-3533-4595,트레이너,삼성SDS,대학원졸,블로깅,ENTP,O,5896,12257
325,손우혜,남성,30,거제,010-0829-2164,번역가,한국전력공사,대학원졸,골프,ISTJ,A,4467,14554
326,이현주,남성,18,속초,010-8867-5611,호텔리어,한화솔루션,대졸,악기연주,ENFJ,B,4689,12121
327,남영현,남성,32,도쿄,010-8782-0491,교사,교보증권,고졸,보드게임,ISFP,O,5914,9956
328,남서지,남성,36,은평,010-2483-8604,승무원,네오위즈,대학원졸,가드닝,INTP,AB,5516,18624
329,민영지,남성,32,강릉,010-6687-2456,배관공,한국동서발전,대졸,캠핑,INFJ,O,4834,16981
330,하도도,남성,27,삼척,010-9491-7658,의사,현대카드,대학원졸,등산,ESTP,A,12827,8777
331,윤민민,남성,42,삼척,010-3406-0778,과학자,카카오뱅크,고졸,음악감상,INFP,O,6633,8571
332,우영현,남성,24,양주,010-8057-5158,경찰관,IBK기업은행,고졸,골프,ENTP,O,5326,10889
333,서현유,남성,47,도봉,010-0330-5845,마케터,현대하이닉스,대학원졸,영화감상,INTJ,A,6686,1430
334,김원미,남성,40,부천,010-6888-8941,수의사,삼성엔지니어링,대학원졸,배드민턴,ISTP,A,7487,2113
335,박우하,남성,35,신흥,010-9941-4522,승무원,동부건설,대졸,클라이밍,ENFP,AB,6825,6499
336,엄지민,남성,30,남포,010-3875-6848,운동선수,GS칼텍스,대졸,외국어학습,ESFJ,B,37548,2550
337,신혜혜,남성,28,안산,010-9209-6283,메이크업아티스트,대구은행,대학원졸,요가,INFP,AB,4638,10934
338,남영영,남성,47,성북,010-2844-1571,판매원,삼성증권,대학원졸,스노보드,INTJ,A,3551,14782
339,전희주,남성,38,의정부,010-0265-6675,가수,현대건설,대학원졸,칼리그래피,ISFJ,AB,38771,2384
340,신혜하,남성,21,양산,010-6275-6146,변호사,CJCGV,고졸,체스,ESFP,A,7235,9244
341,송미준,남성,45,양산,010-7197-1748,배관공,현대위아,대졸,클라이밍,INFP,O,5662,12533
342,성선미,남성,39,양구,010-8612-2079,작가,큐브엔터테인먼트,대졸,외국어학습,INFJ,B,7165,8037
343,박미윤,남성,23,화성,010-2205-0805,회계사,이마트24,고졸,승마,ENFP,B,8603,17185
344,탁윤영,남성,35,하남,010-4401-1656,운전기사,KDB산업은행,대학원졸,요트,ESTJ,AB,2512,5861
345,이혜주,남성,48,창녕,010-6888-9710,통역사,롯데마트,대학원졸,양궁,ENFJ,A,6457,10970
346,최원선,남성,21,서초,010-6937-0495,파일럿,신한금융투자,고졸,뜨개질,INTP,O,7239,13612
347,김서예,남성,36,광주,010-3313-3141,가수,현대일렉트릭,대학원졸,승마,INFP,O,35866,8626
348,임진혜,남성,44,화천,010-0599-2117,대학교수,포스코인터내셔널,대학원졸,체스,ISFJ,B,10752,12621
349,우준진,남성,32,영양,010-0631-5831,교사,현대상선,대졸,자수,ISFJ,B,3623,6754
350,정예성,남성,47,텐진,010-7610-2685,회계사,교보증권,대학원졸,게임,ENTJ,B,4106,9820
351,권미하,남성,37,양구,010-0089-9329,운동선수,한국전력공사,대학원졸,스케이트보드,ISTJ,AB,32346,19649
352,남지준,남성,40,영주,010-6460-9976,연구원,현대상선,대졸,뜨개질,ENTJ,B,5165,14876
353,고영지,남성,20,하남,010-9561-9998,연구원,현대중공업지주,고졸,낚시,INTJ,B,8929,3679
354,이지영,남성,48,청진,010-6818-6741,트레이너,대우인터내셔널,대졸,영화감상,ISTJ,A,2992,4412
355,안성자,남성,47,용인,010-2710-7457,작가,현대중공업,대졸,등산,INTP,A,6017,3030
356,남진지,남성,23,경산,010-5981-9855,학원강사,대신증권,대졸,볼링,ESFJ,B,3410,14102
357,남예자,남성,40,영양,010-7415-0208,대학교수,현대건설기계,고졸,승마,ISFJ,A,7386,14615
358,임원민,남성,38,창녕,010-1455-9353,프로그래머,포스코인터내셔널,고졸,자수,ISFP,AB,3647,16137
359,백지진,남성,39,대전,010-5763-2900,여행가이드,RBW,고졸,스케이트보드,INTJ,A,2914,10485
360,이도진,남성,47,송파,010-3457-3280,헤어디자이너,엔씨소프트,대학원졸,낚시,ESFJ,B,4239,19477
361,차준지,남성,48,도쿄,010-2074-7151,화가,삼성증권,고졸,양궁,INTP,B,6480,11097
362,황주서,남성,46,금천,010-9267-3354,의사,현대중공업,고졸,수영,INFJ,O,12976,5410
363,성도우,남성,36,동관,010-5932-2300,요리사,신세계백화점,대졸,체스,ESTJ,AB,4126,17017
364,손희지,남성,40,창녕,010-6708-2689,디자이너,엔씨소프트,대학원졸,게임,ENFP,A,6859,11722
365,지주혜,남성,27,안양,010-8740-9672,연구원,안테나,대졸,바둑,ENTJ,O,7855,19103
366,변유하,남성,44,남해,010-0762-2652,간호사,대림산업,대졸,외국어학습,ISTJ,A,5839,1252
367,권원현,남성,20,진해,010-1898-3125,운동선수,현대리바트,대학원졸,댄스,ISFJ,B,44617,3978
368,서주현,남성,37,태백,010-6863-7264,운전기사,현대일렉트릭,대졸,탁구,INTJ,AB,2847,17958
369,안하도,남성,46,LA,010-6019-2771,어부,교보증권,고졸,외국어학습,ESFP,O,5283,18173
370,전희예,남성,47,전주,010-9817-5636,학원강사,하나투어,대학원졸,노래부르기,ISTP,O,3963,19151
371,심민예,남성,44,의정부,010-9138-9849,작가,RBW,고졸,수영,ENTJ,AB,2231,2497
372,주지진,남성,25,은평,010-1021-6292,용접공,신한금융지주,고졸,캠핑,ESTJ,O,3662,3481
373,한혜지,남성,38,텐진,010-4276-6097,용접공,롯데홈쇼핑,대학원졸,체스,ESTJ,B,4186,4882
374,임영혜,남성,18,텐진,010-0490-0083,어부,삼성SDI,대학원졸,스키,ENFP,AB,2285,16517
375,구하영,남성,38,통영,010-7350-9587,디자이너,카카오게임즈,고졸,스케이트보드,INFP,B,4726,8981
376,구하윤,남성,40,진주,010-9087-5217,승무원,동아제약,대학원졸,애완동물키우기,INFJ,O,4129,9031
377,허우진,남성,49,황주,010-3203-7017,약사,KDB산업은행,대학원졸,자전거타기,ENTP,B,4229,15071
378,탁원윤,남성,45,도봉,010-2582-9272,영양사,SK증권,대학원졸,애완동물키우기,ENFJ,O,2745,1215
379,최도미,남성,28,개성,010-8946-1231,통역사,롯데홈쇼핑,대졸,조깅,ISFJ,O,5411,15095
380,장영현,남성,36,고령,010-6323-0795,헤어디자이너,KB증권,대학원졸,그림그리기,INTP,O,2621,11515
381,여서자,남성,25,안동,010-2597-1474,수의사,현대리바트,대학원졸,가드닝,INTJ,AB,6745,5279
382,홍도유,남성,27,통영,010-5009-7483,코치,롯데마트,대학원졸,목공예,ESFP,O,4098,3173
383,차준희,남성,24,서울,010-9219-6246,요리사,카카오뱅크,고졸,낚시,ESTP,AB,5287,430947
384,나유미,남성,43,김포,010-9200-7790,트레이너,포스코인터내셔널,고졸,클라이밍,INTJ,AB,5290,16949
385,장우혜,남성,22,영주,010-3764-4142,간호사,DSP미디어,대졸,요리대회참가,ESFP,O,5698,11835
386,정성도,남성,23,나주,010-3744-9642,간호사,NH투자증권,대학원졸,요리대회참가,ISFP,AB,4421,2536
387,황민서,남성,34,용인,010-2158-3385,요리사,DB금융투자,대졸,체스,ESFJ,AB,2543,953273
388,고진지,남성,29,양산,010-8361-5944,간호사,광주은행,고졸,노래부르기,ESTJ,B,5786,243
389,강지우,남성,31,김포,010-8346-8962,버스운전사,현대위아,대졸,요트,ENFP,A,4015,16601
390,남영자,남성,40,여주,010-5830-1371,학원강사,LG전자,대졸,외국어학습,ISTP,A,5753,18618
391,문준진,남성,31,천안,010-0631-0850,대학교수,LS산전,대학원졸,사진촬영,ESTP,B,7314,6268
392,성예희,남성,48,송파,010-3903-1864,회계사,FNC엔터테인먼트,대학원졸,게임,ENTJ,O,4216,18425
393,허영하,남성,27,만포,010-3816-8354,간호사,한화호텔앤드리조트,고졸,필라테스,ESTP,B,5733,18050
394,송하도,남성,41,성진,010-3107-6515,판매원,현대자동차,대학원졸,자수,INFJ,O,2691,271
395,전성진,남성,21,경주,010-3365-3720,대학교수,LG하우시스,대졸,테니스,INTP,AB,12020,3007
396,남준미,남성,32,예천,010-4327-6341,수의사,JYP엔터테인먼트,고졸,승마,ENTP,AB,4937,14624
397,차성우,남성,20,도봉,010-7479-5324,의사,KB금융지주,대학원졸,유튜브제작,ESFJ,O,19476,12860
398,박자원,남성,33,의정부,010-5352-9596,가수,동국제강,대학원졸,수영,ISFP,B,18417,12870
399,박성서,남성,18,신흥,010-6507-7021,교사,두산중공업,고졸,요트,ESTP,B,3645,14469
400,송유희,남성,30,포항,010-2703-3516,과학자,하나금융투자,대졸,그림그리기,ENTP,A,10140,985708
401,하희자,남성,44,안산,010-3695-9779,전기기술자,롯데홈쇼핑,고졸,가드닝,ESTJ,O,5629,5002
402,홍미예,남성,19,뉴욕,010-4330-9823,엔지니어,CJ대한통운,대졸,서예,ENTP,B,6591,13038
403,송영예,남성,45,원산,010-5982-0512,승무원,빅히트뮤직,고졸,자전거타기,ESTP,AB,4653,6287
404,손지미,남성,26,안양,010-1511-5147,배우,대우인터내셔널,대졸,골프,ESTP,AB,7350,2316
405,심자하,남성,45,서초,010-1935-6719,작가,CJENM,고졸,스키,ISTP,O,2693,15452
406,차희하,남성,25,삼천포,010-2192-0884,목수,하나은행,대학원졸,클라이밍,INTP,A,5336,13576
407,유우하,남성,22,고령,010-3039-0024,코치,DB금융투자,대학원졸,악기연주,INFJ,B,9369,315205
408,고진희,남성,39,광주,010-0393-8189,판매원,판타지오,대졸,양궁,ISFP,A,3453,10037
409,노원지,남성,34,영천,010-2412-2737,과학자,신한금융투자,고졸,승마,INTP,AB,8240,18755
410,강유주,남성,38,봉화,010-6413-9241,화가,큐브엔터테인먼트,대학원졸,DIY,ESTJ,AB,4461,14108
411,이희현,남성,41,밀양,010-9837-5382,통역사,대한제강,대졸,양궁,ISTP,O,6125,3129
412,김선현,남성,35,양구,010-6493-7096,사진작가,하나은행,대학원졸,자수,ISFP,O,7524,402
413,박민자,남성,36,창녕,010-8706-5938,경찰관,현대건설,대학원졸,양궁,ESTJ,AB,4528,7393
414,구자준,남성,38,포항,010-7424-5961,가수,현대백화점,고졸,외국어학습,INFJ,A,22414,7976
415,임윤자,남성,21,서초,010-5537-1973,호텔리어,현대건설기계,고졸,블로깅,INFP,O,2592,2972
416,고지윤,남성,49,여수,010-6941-8353,용접공,안테나,고졸,스키,ESTP,A,4298,10999
417,이준현,남성,27,삼척,010-6952-2996,마케터,세아제강,대학원졸,음악감상,INTP,A,3598,7613
418,황지선,남성,40,안산,010-2765-3014,약사,신한은행,대졸,자전거타기,ESFJ,O,6898,16902
419,노성우,남성,24,사리원,010-4470-7893,판매원,CJ제일제당,대학원졸,그림그리기,ESTJ,O,2292,13513
420,고원희,남성,27,남양주,010-1347-5983,판매원,WM엔터테인먼트,고졸,여행,ESFJ,B,2031,17239
421,류원진,남성,41,영천,010-7954-0240,연구원,한국조선해양,대학원졸,사진촬영,INFJ,O,5889,1120
422,허예희,남성,44,양주,010-8028-4898,대학교수,SK네트웍스,고졸,마술,ISTJ,A,8791,16022
423,진현원,남성,29,오사카,010-6403-9418,과학자,대한제강,고졸,외국어학습,ESTJ,A,9991,8081
424,탁준주,남성,39,남포,010-3372-4108,메이크업아티스트,CJ제일제당,대학원졸,마술,INTP,AB,6938,1416
425,고윤하,남성,41,금천,010-3065-1012,운동선수,KT,대학원졸,저글링,ISFP,AB,39216,2893
426,권하혜,남성,18,동해,010-2337-1511,디자이너,LG생활건강,고졸,체스,ISTJ,B,5579,1234
427,차예희,남성,39,삼천포,010-1295-7909,번역가,한화큐셀,대졸,노래부르기,ENFJ,A,4863,10395
428,강지영,남성,18,성남,010-3227-2429,의사,한국타이어,대졸,요트,ESFP,A,18580,337558
429,윤윤하,남성,33,남양주,010-0360-3194,사진작가,대우건설,고졸,탁구,ENTJ,B,2691,19964
430,황혜우,남성,18,도봉,010-8821-6582,학원강사,현대건설기계,대학원졸,저글링,ENFJ,B,5130,577
431,전현유,남성,35,부천,010-5568-4009,코치,대구은행,대학원졸,등산,INFP,B,9494,66380
432,권윤영,남성,27,만포,010-9031-0397,통역사,CJ대한통운,고졸,음악감상,INFJ,B,5222,9964
433,이성원,남성,29,안양,010-9355-3271,기자,큐브엔터테인먼트,대학원졸,음악감상,INTJ,A,3377,2071
434,성선하,남성,20,거제,010-0498-5695,헤어디자이너,울림엔터테인먼트,고졸,자전거타기,ESTJ,B,2541,8079
435,백진희,남성,33,교토,010-6467-2896,건축가,롯데홈쇼핑,대졸,게임,ISTJ,B,6127,16435
436,민우원,남성,25,도봉,010-3749-1492,마케터,한국전력공사,대학원졸,체스,INTJ,B,5999,19862
437,박도우,남성,39,영양,010-9918-5295,트레이너,BNK투자증권,대학원졸,목공예,ISTP,B,2748,12326
438,문진미,남성,20,화성,010-9739-8793,코치,KB국민은행,고졸,블로깅,ENTJ,B,6040,6736
439,차성자,남성,21,안양,010-6170-3515,엔지니어,한화에어로스페이스,대졸,낚시,ENTP,B,7338,18205
440,진유미,남성,33,김포,010-2805-9724,의사,한국조선해양,대졸,악기연주,ESFP,O,6039,17798
441,송선성,남성,32,도쿄,010-3857-2428,배우,우리은행,고졸,수영,INFJ,A,28828,6769
442,강혜도,남성,34,철원,010-4680-0591,대학교수,한국타이어,대졸,춤,ESTJ,O,6806,15712
443,성유희,남성,42,성남,010-7512-4732,파일럿,KTB투자증권,고졸,클라이밍,ISTP,O,8618,14484
444,성예하,남성,20,화천,010-5470-3905,승무원,CJENM,대졸,가드닝,ISTJ,B,5181,12562
445,권예예,남성,26,김해,010-5574-4950,버스운전사,동아제약,고졸,조깅,ESFP,AB,3081,8146
446,강미주,남성,44,마포,010-9529-4668,마케터,케이프투자증권,대졸,블로깅,ENTJ,AB,4519,5876
447,남미윤,남성,45,남양주,010-5937-0045,운전기사,삼성SDI,고졸,테니스,INFJ,O,2707,833491
448,여유지,남성,31,원산,010-2973-4128,작가,HYBE,고졸,골프,ISFJ,AB,5119,10728
449,고윤영,남성,19,화성,010-3992-5017,기자,DSP미디어,대학원졸,가드닝,ISFJ,AB,4220,11578
450,성희영,남성,43,대전,010-5117-0763,호텔리어,새마을금고,대학원졸,게임,ESTJ,AB,5757,16014
451,지자유,남성,48,진주,010-4565-9303,사진작가,삼성증권,대학원졸,보드게임,ISFJ,AB,2813,688733
452,류선선,남성,30,의정부,010-3468-8693,디자이너,삼성디스플레이,대졸,명상,ESTJ,AB,6305,10279
453,강준미,남성,48,부천,010-0010-1235,배우,S-OIL,대학원졸,필라테스,ENTJ,B,5587,9493
454,탁선도,남성,20,강계,010-4642-4901,소방관,현대오일뱅크,대졸,노래부르기,ISFJ,O,4898,7220
455,임진원,남성,45,영양,010-1572-2223,농부,현대건설기계,대졸,요가,INTP,O,3378,18112
456,김희원,남성,27,동해,010-9807-9780,기자,하나금융투자,대학원졸,승마,INTP,O,3693,983872
457,심선지,남성,25,목포,010-5748-0226,기계공,한국가스공사,대학원졸,조깅,INFP,A,4025,5491
458,윤혜우,남성,48,동작,010-3097-6992,엔지니어,현대중공업지주,고졸,낚시,ESTJ,O,6035,7016
459,남윤도,남성,23,구리,010-3010-4707,판매원,LG유플러스,대졸,외국어학습,ESFP,O,3158,15781
460,문진하,남성,42,거제,010-9248-2853,건축가,LG이노텍,대학원졸,요가,ESFJ,A,4454,16967
461,나지우,남성,20,진해,010-1452-2754,어부,카카오게임즈,대학원졸,스노보드,ESFJ,B,2880,95337
462,심희영,남성,25,텐진,010-7117-7292,호텔리어,제주은행,대졸,게임,ESFJ,O,4729,14761
463,차윤지,남성,44,의정부,010-5066-3854,기계공,LotteDutyFree,대졸,뜨개질,ESFP,O,4409,13055
464,허서서,남성,29,예천,010-8297-5668,코치,금호석유화학,고졸,퀼트,ENTJ,O,9881,744257
465,고서성,남성,36,경산,010-3312-1188,화가,KTCS,대졸,요가,ISTJ,B,7747,6396
466,배희하,남성,18,안동,010-5990-0709,과학자,넥슨,고졸,유튜브제작,ESFJ,AB,9220,10322
467,윤예현,남성,24,광주,010-7566-3576,용접공,CJ대한통운,대졸,수영,ESTJ,O,5101,723325
468,송성혜,남성,26,양주,010-4126-4352,승무원,LG유플러스,고졸,춤,ESTP,B,4640,702028
469,탁혜원,남성,38,전주,010-8622-6227,건축가,동부건설,고졸,수영,INTP,O,4636,16278
470,이우원,남성,22,수원,010-4060-5995,소방관,큐브엔터테인먼트,고졸,승마,ENTJ,A,5739,10797
471,송민지,남성,27,뉴욕,010-3968-2632,학원강사,이마트,고졸,보드게임,ENFP,O,3907,2980
472,조미하,남성,44,창녕,010-4426-8257,작가,동부건설,대졸,운동,ISFJ,O,7887,948643
473,성자자,남성,47,고성,010-5364-7887,화가,포스코,대학원졸,스키,ENTJ,B,6971,4153
474,변지선,남성,22,안양,010-8895-2657,농부,LG이노텍,대학원졸,낚시,ENTP,AB,3455,137626
475,구혜지,남성,29,인제,010-2039-1239,요리사,CJENM,고졸,골프,ESTJ,B,5389,14181
476,고준민,남성,46,황주,010-9901-4921,엔지니어,기아,고졸,블로깅,ENFP,AB,4164,7849
477,강현유,남성,42,마포,010-4021-4561,배관공,LS산전,대학원졸,음악감상,ESFJ,B,4506,8276
478,나윤유,남성,18,파주,010-8737-6131,호텔리어,한화솔루션,대학원졸,DIY,ISTJ,B,4914,7320
479,민선민,남성,34,서울,010-2469-8122,의사,롯데쇼핑,대학원졸,사진촬영,ISFP,B,11750,4379
480,손성서,남성,25,개성,010-9894-1780,승무원,LG화학,고졸,악기연주,ENTJ,B,4713,17978
481,차자자,남성,27,삼척,010-5920-3742,헤어디자이너,신한금융지주,대학원졸,가드닝,ESTJ,O,6930,10402
482,최민예,남성,32,구리,010-9877-1595,디자이너,한화투자증권,대졸,퍼즐,ENTP,O,5366,930242
483,강주미,남성,49,LA,010-8010-5345,프로그래머,세아제강,고졸,보드게임,ESFJ,O,8528,17013
484,하진준,남성,40,철원,010-2154-0999,목수,현대자동차,대학원졸,요가,ISFP,B,4083,7079
485,남진진,남성,26,거제,010-9592-0079,요리사,KT&G,고졸,외국어학습,INFP,B,7573,2371
486,한자유,남성,44,개성,010-9739-0755,기계공,한국전력공사,고졸,요리,ISFJ,A,3587,573909
487,문진현,남성,26,안산,010-9908-3810,과학자,현대엘리베이터,고졸,낚시,INFP,AB,4029,13142
488,민희서,남성,24,수원,010-6950-4190,마케터,대신증권,대학원졸,체스,INTP,AB,3757,12391
489,지현혜,남성,26,라선,010-4422-1715,코치,전북은행,대학원졸,운동,ENFP,A,9039,14200
490,송영서,남성,45,양산,010-0094-0739,배우,GS칼텍스,고졸,스키,INTJ,O,22411,1693
491,문하지,남성,46,동관,010-0352-5248,운전기사,현대엘리베이터,대학원졸,명상,ESTP,AB,3261,13542
492,오자유,남성,48,강계,010-3100-7963,인테리어디자이너,CJCGV,대학원졸,저글링,INFJ,B,7965,344
493,손도진,남성,37,강계,010-7239-9628,여행가이드,대한항공,고졸,낚시,ISTJ,O,3672,18900
494,박우현,남성,41,성진,010-2144-9683,약사,한화그룹,대졸,테니스,INFP,O,7708,13548
495,고도하,남성,20,도쿄,010-2630-8180,약사,씨티은행,대학원졸,DIY,ESTP,A,4591,372153
496,노현서,남성,19,포항,010-4727-1800,파일럿,RBW,고졸,칼리그래피,ISFP,B,14673,6855
497,서도준,남성,32,해주,010-7688-5239,교사,DB금융투자,대졸,탁구,INTJ,O,5429,13907
498,한윤선,남성,23,포천,010-6423-8753,운동선수,CJENM,고졸,서핑,ISFJ,AB,44323,18424
499,백민원,남성,23,함흥,010-0627-0563,건축가,삼성카드,고졸,애완동물키우기,ISTP,AB,5024,6816
500,전하민,남성,36,수원,010-4398-3413,회계사,KTB투자증권,대학원졸,독서,INFP,B,9522,12019
501,허영원,여성,46,라선,010-3452-8643,기계공,IBK기업은행,고졸,뜨개질,ENFJ,B,4451,142
502,권현원,여성,45,남해,010-9694-7164,기자,삼성생명,고졸,그림그리기,ENFJ,AB,3585,13730
503,조민현,여성,40,남양주,010-1512-4074,의사,RBW,대졸,여행,INTJ,B,19323,4932
504,탁유현,여성,18,영천,010-9692-9455,파일럿,KTB투자증권,대학원졸,볼링,ENTJ,O,7105,8674
505,송하주,여성,21,안양,010-6663-9390,사진작가,JYP엔터테인먼트,대졸,퀼트,ISTJ,B,3488,18684
506,손민윤,여성,39,철원,010-8416-4864,승무원,LG디스플레이,고졸,블로깅,INTP,AB,5352,12729
507,서자하,여성,29,텐진,010-9761-7361,간호사,한국제지,대졸,마술,ENFP,O,3621,5012
508,심하원,여성,49,인제,010-1546-4484,트레이너,한화호텔앤드리조트,고졸,필라테스,ENTP,AB,3041,446052
509,나현하,여성,29,남포,010-0446-1624,운전기사,전북은행,대졸,애완동물키우기,ENTP,AB,3884,4406
510,윤유서,여성,31,하남,010-4855-4422,파일럿,CJENM,대학원졸,사진촬영,INTJ,O,13109,5990
511,남성주,여성,41,함흥,010-6787-4970,통역사,포스코,대학원졸,칼리그래피,INTP,O,4228,12384
512,임하민,여성,36,서초,010-3989-8713,전기기술자,현대건설기계,대졸,뜨개질,INTP,AB,5103,15329
513,엄주예,여성,26,목포,010-3657-7538,연구원,이마트,대졸,등산,ISTP,A,9158,8217
514,신희민,여성,35,도봉,010-1880-8176,배우,SK이노베이션,대졸,탁구,ENTP,B,10632,10353
515,서영선,여성,39,전주,010-4393-5491,건축가,카카오게임즈,대졸,마술,ISTJ,O,5249,10046
516,조도선,여성,45,인천,010-1544-0661,영양사,카카오뱅크,대학원졸,요리,ENTJ,B,4099,4914
517,송혜선,여성,47,삼천포,010-5724-7968,요리사,네오위즈,고졸,클라이밍,ENTP,A,6018,3056
518,오진준,여성,47,성남,010-4105-3576,의사,SK바이오사이언스,대학원졸,가드닝,ESTP,O,15323,5122
519,배유윤,여성,36,고성,010-7572-6116,엔지니어,한국철강,대졸,노래부르기,ESFP,B,4417,11994
520,박희유,여성,18,창녕,010-1519-3137,사진작가,젤리피쉬엔터테인먼트,고졸,독서,ISFP,AB,6769,15236
521,장지하,여성,49,여주,010-1553-9618,전기기술자,한국가스공사,고졸,카드게임,ENTP,B,6715,6063
522,안우영,여성,48,신흥,010-0856-7139,대학교수,동국제강,고졸,서예,ESFJ,B,8517,14839
523,문지유,여성,32,안주,010-5206-5955,파일럿,현대오토에버,대학원졸,목공예,ENFJ,B,12070,8763
524,오도지,여성,36,의성,010-2135-7024,영양사,이마트24,대학원졸,노래부르기,INFJ,B,4728,8021
525,강선지,여성,19,뉴욕,010-2365-0212,파일럿,대한제강,대학원졸,외국어학습,INFJ,O,14789,4170
526,배원혜,여성,39,서초,010-5011-1584,운전기사,엔씨소프트,대졸,영화감상,ISFP,AB,3589,4254
527,서서성,여성,38,통영,010-9913-8279,농부,KB증권,대졸,요리,ISFJ,B,4902,15731
528,여희원,여성,28,삼천포,010-0336-2675,파일럿,카카오뱅크,대학원졸,유튜브제작,ISTJ,AB,9072,12638
529,한자윤,여성,42,속초,010-7213-1783,영양사,한화생명,고졸,운동,INTP,B,4467,7096
530,문우현,여성,21,개성,010-2538-9696,작가,한국철강,대졸,요가,ENTP,AB,5713,1586
531,엄현주,여성,25,마포,010-1659-5431,엔지니어,대림산업,고졸,유튜브제작,ENTJ,O,6974,13216
532,전하서,여성,32,은평,010-2634-5001,화가,광주은행,대졸,서예,ENTJ,B,8869,13987
533,최지서,여성,18,동관,010-4951-2959,요리사,CJENM,고졸,외국어학습,INTJ,A,4873,19312
534,임지희,여성,39,사리원,010-8130-2625,판매원,CJ대한통운,대졸,탁구,ENFJ,O,2362,780
535,오영미,여성,40,신의주,010-3024-3221,교사,CJ대한통운,고졸,외국어학습,ESFP,A,3889,5199
536,하자지,여성,24,청진,010-2321-1384,여행가이드,광주은행,대졸,퍼즐,ISFJ,AB,2630,19261
537,탁도희,여성,28,뉴욕,010-2704-1470,대학교수,LG생활건강,대졸,탁구,ESTP,B,7042,15013
538,하영자,여성,40,포항,010-2710-5682,코치,씨티은행,고졸,가드닝,INFP,B,9781,19370
539,손주진,여성,37,김포,010-8501-8701,코치,한진칼,대학원졸,낚시,ISFP,O,3600,9021
540,김지자,여성,39,서초,010-8550-7066,과학자,대신증권,고졸,볼링,ISTP,AB,7359,16804
541,나희서,여성,18,광주,010-4696-0351,기계공,한국가스공사,고졸,조깅,ESFJ,A,4403,16430
542,윤주선,여성,32,울산,010-4742-9700,버스운전사,메리츠증권,대졸,수영,ISTP,O,3932,6823
543,장서자,여성,41,서초,010-6947-7201,작가,SK텔레콤,대졸,요트,ENTJ,AB,9059,875
544,유성선,여성,31,광양,010-3253-4087,엔지니어,NH투자증권,고졸,운동,ISFJ,A,5840,4982
545,안진미,여성,38,마포,010-9587-9571,약사,KT&G,대학원졸,수영,ESFP,A,4287,9160
546,손하지,여성,36,김해,010-0716-5309,간호사,신한은행,대졸,노래부르기,INFP,B,3712,16953
547,주현원,여성,35,상해,010-7162-3318,번역가,LG하우시스,대학원졸,노래부르기,ISFJ,AB,3340,17391
548,남혜하,여성,20,해주,010-1164-8048,전기기술자,전북은행,대졸,헬스,ESTJ,B,4590,18126
549,남민민,여성,20,서초,010-9442-2827,마케터,울림엔터테인먼트,대졸,퍼즐,ENTJ,A,4529,19091
550,심현영,여성,35,도쿄,010-9955-7510,기계공,현대리바트,대학원졸,목공예,ISFJ,A,6192,11927
551,변지영,여성,40,통영,010-4162-7794,운전기사,한국가스공사,대학원졸,저글링,INFP,A,3185,3952
552,한윤영,여성,35,남포,010-0215-8884,약사,유안타증권,대학원졸,스키,ISFP,A,5426,15226
553,손도도,여성,22,목포,010-7244-3886,엔지니어,GS리테일,고졸,조깅,ENTP,AB,6503,842835
554,우윤주,여성,35,신의주,010-7652-9917,변호사,현대상선,대졸,낚시,ESTJ,O,11758,16967
555,고예도,여성,19,베이징,010-3269-4388,농부,삼성증권,대졸,목공예,ESTP,A,3683,8921
556,신혜서,여성,35,광명,010-4681-1823,번역가,SC제일은행,대졸,요리,ESTP,AB,3014,17805
557,주성도,여성,40,교토,010-1292-1977,파일럿,S-OIL,고졸,자수,INTJ,A,9695,11885
558,나서현,여성,48,태백,010-5852-2979,요리사,삼성SDS,대학원졸,골프,ESFP,AB,6793,5369
559,홍주우,여성,43,안주,010-3072-6535,어부,SC제일은행,고졸,서예,ESFP,B,4323,7102
560,강지원,여성,36,금천,010-0160-1588,회계사,SM엔터테인먼트,대학원졸,탁구,INTP,B,8587,16419
561,양예서,여성,25,안양,010-3621-2026,어부,카카오게임즈,대졸,볼링,ISTP,O,2019,6555
562,황준희,여성,38,고성,010-7410-4095,트레이너,포스코,고졸,헬스,ENFJ,AB,4841,10011
563,손우우,여성,47,하남,010-2133-2943,인테리어디자이너,롯데제과,대학원졸,요트,ESTP,O,4580,2867
564,조우하,여성,26,삼천포,010-5094-7504,트레이너,삼성물산,대졸,외국어학습,ESTJ,AB,5539,17527
565,하지미,여성,20,삼척,010-4935-5603,기자,삼성물산,대학원졸,사진촬영,INFP,AB,4419,11475
566,문주지,여성,43,창녕,010-0772-2436,마케터,네오위즈,고졸,서핑,ESTP,A,4968,11586
567,양진유,여성,46,개성,010-6742-1001,간호사,금호석유화학,대졸,체스,ISFP,A,3761,11389
568,한혜준,여성,22,구리,010-7318-8334,운전기사,한화에어로스페이스,고졸,바둑,ISFP,A,2796,1877
569,백윤준,여성,18,포항,010-2182-2832,화가,카카오엔터테인먼트,대졸,여행,ESTJ,A,9351,6784
570,진희우,여성,33,삼천포,010-6061-7423,간호사,한화투자증권,대학원졸,DIY,ESTJ,B,5185,6628
571,윤지혜,여성,41,의정부,010-8600-2769,회계사,RBW,고졸,베이킹,ESTP,AB,5036,13056
572,구영선,여성,38,동관,010-8792-6899,의사,엔씨소프트,고졸,여행,ESFJ,B,19223,19294
573,허성도,여성,34,중랑,010-3217-8952,기계공,카카오게임즈,대학원졸,요트,ESTP,AB,6784,962082
574,박희혜,여성,37,라선,010-5703-3961,사진작가,포스코인터내셔널,고졸,승마,ENTP,B,7679,9978
575,고도혜,여성,24,고양,010-5376-0428,승무원,GS리테일,대졸,헬스,ISFP,A,5496,8116
576,서서서,여성,45,삼천포,010-5019-3214,교사,현대건설,고졸,칼리그래피,INTP,A,3028,5661
577,나희도,여성,29,김해,010-9616-3547,통역사,한화투자증권,대졸,저글링,ISTJ,AB,3857,19306
578,하영지,여성,47,경산,010-3419-8652,헤어디자이너,메리츠증권,대학원졸,영화감상,ESTJ,A,4962,7116
579,윤윤도,여성,28,성북,010-6052-8526,농부,KT&G,대졸,사진촬영,ISTJ,O,4585,4172
580,신진희,여성,23,원산,010-4460-7851,헤어디자이너,메리츠증권,대학원졸,베이킹,ENFJ,O,6363,8335
581,강서주,여성,49,교토,010-7116-1616,기계공,삼성SDS,대학원졸,캠핑,ISTP,A,6205,16342
582,주도주,여성,28,용인,010-0234-0810,여행가이드,포스코인터내셔널,대졸,필라테스,ENFP,AB,4021,14610
583,고원혜,여성,25,울릉,010-2579-5953,과학자,JYP엔터테인먼트,대졸,탁구,ISTP,AB,7535,2284
584,하하선,여성,45,동해,010-8865-0193,여행가이드,현대리바트,대학원졸,DIY,INTJ,A,2762,30690
585,유윤원,여성,20,안산,010-8768-8426,사진작가,DSP미디어,대학원졸,수영,INTJ,B,6562,16709
586,양민준,여성,48,상해,010-9819-1397,영양사,KT,고졸,가드닝,ENTJ,B,3843,1176
587,임하지,여성,24,수원,010-1291-6260,판매원,삼성전기,고졸,마술,INFJ,O,2601,10319
588,송하원,여성,36,예천,010-8524-2769,기자,이마트24,대졸,자전거타기,ENTJ,A,4150,15329
589,허유자,여성,49,김포,010-7262-5104,기계공,현대오토에버,대졸,블로깅,ISTP,O,3598,19008
590,나하민,여성,49,전주,010-8623-7971,어부,롯데케미칼,고졸,헬스,INTP,AB,2164,6646
591,우혜선,여성,48,상해,010-1750-8575,연구원,삼성중공업,고졸,퀼트,ENTJ,O,6313,18231
592,고유하,여성,39,광양,010-5565-1622,운동선수,HYBE,대학원졸,운동,ENFP,AB,10118,5002
593,우자자,여성,29,성북,010-1457-7245,간호사,이마트24,대졸,요트,ISTJ,B,3046,910865
594,고선원,여성,46,영천,010-2184-7272,수의사,JYP엔터테인먼트,고졸,스키,ENTP,O,7076,1621
595,나선하,여성,29,양주,010-8711-9843,마케터,삼성전자,고졸,음악감상,ENTP,A,3280,485391
596,변희성,여성,33,상해,010-7553-1471,기계공,현대일렉트릭,대학원졸,서예,INTP,A,5237,17053
597,차민하,여성,39,속초,010-9515-2092,작가,광주은행,대학원졸,종이접기,ESTJ,AB,2818,229307
598,임유영,여성,33,황주,010-7785-0283,배우,DB금융투자,대학원졸,영화감상,ENFJ,A,32831,879613
599,고혜윤,여성,24,강릉,010-0390-5311,디자이너,신한금융지주,고졸,등산,INFJ,A,6279,2229
600,엄유우,여성,29,경주,010-7608-6315,건축가,현대일렉트릭,고졸,애완동물키우기,INTP,AB,4395,14397
601,노현현,여성,41,은평,010-2826-3926,회계사,현대상선,대학원졸,요리,ISTJ,AB,8932,14513
602,박영혜,여성,39,남해,010-0073-9334,회계사,대우건설,대졸,자수,ISFP,A,7517,4156
603,한영주,여성,32,진주,010-0631-8790,목수,카카오뱅크,대졸,음악감상,INTJ,O,5304,12822
604,허하주,여성,47,김포,010-2321-3916,여행가이드,키움증권,대졸,도예,ESTP,A,2598,2232
605,우선원,여성,27,진주,010-2661-8497,호텔리어,CJ대한통운,고졸,스케이트보드,ENFJ,AB,3684,814338
606,강진하,여성,37,원산,010-2668-1826,작가,DSP미디어,고졸,캠핑,ESFJ,O,6889,7431
607,조유지,여성,32,해주,010-3187-5971,어부,현대위아,고졸,퀼트,INFJ,AB,5096,10002
608,허준원,여성,42,성북,010-0388-4066,가수,엔씨소프트,대학원졸,가드닝,ISTP,O,43666,7477
609,나우성,여성,44,목포,010-5975-3709,변호사,CJ제일제당,대졸,저글링,ISFJ,AB,13034,795700
610,조현영,여성,40,용인,010-6175-0015,건축가,아모레퍼시픽,대졸,그림그리기,INFJ,B,7459,10770
611,장미하,여성,48,남해,010-5872-4038,판매원,NH농협은행,고졸,스케이트보드,ESFP,O,2278,11307
612,차서지,여성,32,울진,010-2961-7981,버스운전사,씨티은행,대학원졸,애완동물키우기,ENFJ,A,3304,15872
613,김지지,여성,43,대전,010-8992-1490,운전기사,삼성카드,대학원졸,운동,ENFP,AB,3329,9508
614,변선우,여성,25,뉴욕,010-0669-7327,트레이너,KB국민은행,대학원졸,서예,ISTJ,A,3481,17506
615,고영윤,여성,40,구미,010-0000-5982,버스운전사,SKC,고졸,요리,ENFJ,B,2766,10663
616,탁현미,여성,21,안산,010-1456-9007,요리사,제주은행,고졸,서핑,ENFJ,O,4274,14800
617,박준지,여성,42,고양,010-0650-1079,건축가,하나투어,대졸,사진촬영,INTP,B,9741,7757
618,주원도,여성,35,서울,010-0674-3234,의사,한화호텔앤드리조트,대학원졸,스케이트보드,ENTJ,AB,6608,337677
619,조성진,여성,46,울진,010-8200-2481,과학자,삼성엔지니어링,고졸,블로깅,INTP,O,11877,2392
620,박예원,여성,25,밀양,010-0772-6489,소방관,삼성증권,고졸,게임,INTJ,A,4949,8033
621,정진혜,여성,37,광명,010-1700-9271,판매원,현대자동차,고졸,댄스,ESTP,B,2151,11502
622,윤원민,여성,47,의정부,010-0618-3993,의사,한솔제지,고졸,악기연주,ENFP,AB,8942,6603
623,민지선,여성,36,도쿄,010-5377-5656,운전기사,한화에어로스페이스,대학원졸,마술,INFP,AB,3289,1353
624,윤혜미,여성,48,부산,010-4527-0659,의사,한국타이어,고졸,서핑,INTJ,A,15836,18990
625,손주유,여성,37,신의주,010-3021-7398,용접공,수협은행,고졸,승마,ESFJ,O,5835,12499
626,지진영,여성,24,광명,010-2505-4350,프로그래머,YG엔터테인먼트,대학원졸,탁구,INFJ,O,3856,15705
627,지미유,여성,33,뉴욕,010-1140-1545,판매원,롯데쇼핑,대졸,퍼즐,INFP,A,2927,6463
628,장윤영,여성,38,수원,010-3532-8095,파일럿,이베스트투자증권,대학원졸,저글링,ISFJ,A,11401,18724
629,우민선,여성,44,원산,010-4061-6598,영양사,KTB투자증권,고졸,마술,INTJ,O,4502,5318
630,심유혜,여성,42,울릉,010-4264-7086,의사,한국가스공사,고졸,노래부르기,ESFJ,O,14112,7320
631,안현지,여성,47,용인,010-1251-3062,용접공,한국조선해양,대학원졸,마술,ISFJ,B,3406,677160
632,임진예,여성,21,함흥,010-7248-6439,가수,SK네트웍스,대졸,클라이밍,ISFJ,A,35614,11969
633,변자주,여성,21,속초,010-4348-6423,사진작가,현대카드,고졸,요리,ENFP,A,6497,15490
634,전자예,여성,34,영주,010-4792-0754,버스운전사,스타쉽엔터테인먼트,대학원졸,게임,ESTJ,B,2638,14152
635,노유성,여성,26,경산,010-8311-1677,변호사,SK바이오사이언스,대졸,자수,ENFJ,O,6786,10177
636,나진지,여성,45,영양,010-8370-2608,목수,이마트24,고졸,골프,ESFJ,AB,3123,8658
637,최민자,여성,37,강계,010-6633-1054,파일럿,두산,고졸,댄스,ESFP,A,6531,9280
638,최희진,여성,25,창녕,010-8693-4709,요리사,메리츠증권,고졸,헬스,ENTJ,O,4838,15625
639,성영지,여성,29,도쿄,010-7388-9472,경찰관,현대백화점,대졸,유튜브제작,ENFP,A,3045,11016
640,한원서,여성,21,성북,010-9381-2095,버스운전사,롯데케미칼,대졸,캠핑,INFP,O,4095,14242
641,배지선,여성,40,창원,010-2204-0683,화가,현대하이닉스,대졸,보드게임,ESTJ,AB,9437,11496
642,한미영,여성,42,개성,010-9121-3550,가수,수협은행,고졸,승마,ESTP,AB,36108,17234
643,변민서,여성,33,라선,010-4675-1272,과학자,하나금융지주,대졸,저글링,ISTJ,O,8226,12202
644,이진도,여성,47,청주,010-0097-5859,연구원,IBK기업은행,대학원졸,수영,ISFP,O,4136,7829
645,전희민,여성,41,고령,010-2652-1635,파일럿,LG화학,대졸,노래부르기,ENFJ,B,13296,19269
646,황혜자,여성,39,개성,010-4116-5208,운전기사,키움증권,대학원졸,카드게임,ISFJ,A,2715,264420
647,노현예,여성,28,삼척,010-4612-6081,코치,미래에셋증권,대졸,게임,ISFP,O,4419,5907
648,황선희,여성,44,파주,010-5912-0744,통역사,삼성엔지니어링,대졸,서핑,ENFJ,A,5396,2124
649,이유선,여성,43,태백,010-5083-7088,호텔리어,미래에셋증권,고졸,서핑,INTJ,AB,4975,17980
650,주서윤,여성,38,도봉,010-0364-9662,마케터,KB국민은행,고졸,자전거타기,ISTJ,O,4555,13632
651,최미지,여성,34,대구,010-6131-0739,호텔리어,KTCS,대졸,골프,ESFJ,AB,4488,15582
652,백희원,여성,46,화천,010-9827-3995,파일럿,현대중공업,대졸,볼링,ENFJ,B,7324,4717
653,유예서,여성,36,밀양,010-3233-0982,사진작가,빅히트뮤직,대학원졸,서핑,INFP,O,4607,281908
654,류유하,여성,36,만포,010-7894-6706,건축가,두산중공업,대졸,자수,ISFJ,O,10139,744730
655,신진자,여성,22,대구,010-6408-6227,약사,하나금융지주,대졸,스노보드,ESFJ,B,7251,1247
656,서자진,여성,22,오사카,010-0527-5807,운전기사,BNK투자증권,대졸,캠핑,ESFP,A,3168,1838
657,황성민,여성,24,개성,010-7531-8773,연구원,카카오,고졸,스케이트보드,ESFP,A,7750,14123
658,노지성,여성,26,교토,010-4677-1992,영양사,메리츠증권,대졸,조깅,INTJ,A,4092,4268
659,이희서,여성,42,함흥,010-8123-6350,배우,WM엔터테인먼트,대졸,영화감상,ESTP,O,10932,9498
660,하도자,여성,29,인제,010-6742-5397,택시운전사,KCC,대학원졸,자전거타기,ESFJ,AB,2413,1338
661,송서진,여성,21,횡성,010-7654-3514,엔지니어,전북은행,대졸,퍼즐,ENFJ,AB,4152,19462
662,구현영,여성,37,도봉,010-0260-5657,통역사,광주은행,대졸,음악감상,ENTP,B,6455,14640
663,우희영,여성,35,포천,010-6700-5021,변호사,대림산업,고졸,도예,INFJ,O,12804,17921
664,류지선,여성,25,인제,010-1127-6943,수의사,아모레퍼시픽,대졸,그림그리기,ENFP,B,4583,9008
665,임지윤,여성,47,광주,010-5102-1424,배관공,현대리바트,대학원졸,서핑,ISTJ,AB,3189,9566
666,이주자,여성,42,태백,010-5450-1016,헤어디자이너,삼성전기,대학원졸,요리대회참가,INFJ,A,3716,11299
667,임현희,여성,40,고령,010-1587-6504,과학자,SK텔레콤,대졸,자전거타기,ISFP,A,8383,5564
668,임혜유,여성,20,서초,010-2810-7835,승무원,현대위아,대학원졸,조깅,ENTJ,B,4691,18454
669,한지현,여성,28,은평,010-8232-3390,배우,LG하우시스,대학원졸,음악감상,ENTJ,O,8086,11256
670,황현예,여성,34,함흥,010-6595-3363,택시운전사,유안타증권,대졸,칼리그래피,ENTJ,A,3782,12920
671,송현선,여성,27,광명,010-0399-0727,운동선수,한화에어로스페이스,대졸,골프,INFP,B,3792,9453
672,진선우,여성,42,울릉,010-1210-2141,용접공,부산은행,대졸,노래부르기,ESFJ,AB,4927,11129
673,한미민,여성,21,라선,010-6591-7996,마케터,한화투자증권,고졸,등산,INFJ,O,7128,8393
674,한주진,여성,44,의정부,010-6750-4333,화가,카카오엔터테인먼트,고졸,요리,INTJ,AB,8585,18378
675,양민자,여성,23,안주,010-6270-2193,가수,안테나,고졸,악기연주,ISTP,O,18943,3543
676,엄주미,여성,21,상해,010-7171-1975,전기기술자,SK하이닉스,대학원졸,요리,INTP,AB,4765,15345
677,우진주,여성,47,횡성,010-9645-0438,택시운전사,한국산업은행,대학원졸,블로깅,ENFJ,AB,2154,12105
678,권혜윤,여성,31,김책,010-3424-0363,농부,이마트,고졸,조깅,ESFJ,AB,2888,11911
679,고성진,여성,24,화성,010-2771-9471,회계사,KCC,고졸,스키,ENTP,A,7485,7205
680,서미선,여성,37,원산,010-2165-8892,프로그래머,현대엘리베이터,고졸,저글링,ISTJ,O,3637,6666
681,최우민,여성,30,성진,010-9444-2047,사진작가,한화호텔앤드리조트,대졸,클라이밍,ESTJ,A,3410,5058
682,강유자,여성,37,동해,010-9792-7592,용접공,판타지오,대졸,카드게임,INTJ,A,3096,11692
683,진자미,여성,47,김포,010-1396-0713,택시운전사,카카오,고졸,퀼트,ENTP,A,2068,3922
684,송현민,여성,42,김책,010-6336-4427,의사,GS칼텍스,고졸,DIY,ESTJ,O,17185,13615
685,황윤예,여성,19,김포,010-1097-8817,승무원,한화투자증권,대졸,스노보드,INTP,AB,4892,12272
686,손혜혜,여성,27,안동,010-9756-3257,배우,스타쉽엔터테인먼트,고졸,춤,ISFJ,A,32419,13354
687,윤민미,여성,24,서울,010-6977-6922,헤어디자이너,SK이노베이션,고졸,블로깅,INTP,B,2716,14234
688,성지진,여성,34,청진,010-6319-7858,승무원,넥슨,대학원졸,테니스,ESFP,B,6797,8263
689,유하하,여성,28,김책,010-8395-6804,요리사,교보증권,고졸,그림그리기,ENTJ,B,6956,10517
690,이지윤,여성,47,중랑,010-9429-4199,파일럿,대구은행,대학원졸,영화감상,ESFJ,AB,7039,10785
691,윤자지,여성,33,남포,010-1925-9353,운전기사,삼성물산,대학원졸,유튜브제작,INFJ,B,2745,1986
692,최혜영,여성,28,창녕,010-6420-0356,가수,신한금융지주,고졸,보드게임,INTJ,B,30049,7420
693,고우희,여성,34,김포,010-3267-5303,기계공,SK네트웍스,고졸,칼리그래피,ESFP,A,3110,11279
694,강희민,여성,45,인천,010-3418-2142,디자이너,LS산전,대졸,요트,ISFP,B,6191,8529
695,심현지,여성,47,고양,010-7993-0241,판매원,SK이노베이션,대학원졸,베이킹,ISFJ,O,3569,19958
696,고서미,여성,31,황주,010-4028-8010,기자,YG엔터테인먼트,대졸,스키,ESTP,B,6656,3082
697,민현도,여성,19,울산,010-5384-1499,요리사,한국가스공사,고졸,요트,ESFP,A,3153,9102
698,변도주,여성,38,전주,010-2802-3291,엔지니어,SK네트웍스,대학원졸,운동,ENTP,O,3814,14682
699,서선도,여성,23,울릉,010-5713-9646,배관공,삼성전자,고졸,낚시,ESFP,B,4870,13618
700,류우혜,여성,38,김책,010-7269-8927,의사,두산중공업,고졸,영화감상,INTP,B,6673,13894
701,최지준,여성,24,라선,010-3647-5363,화가,안테나,고졸,외국어학습,ISFJ,B,4699,902616
702,변희예,여성,35,안주,010-1386-9564,농부,하나금융투자,대졸,유튜브제작,ESTJ,O,3114,7201
703,진우민,여성,24,영주,010-7931-0586,용접공,SK바이오사이언스,대졸,종이접기,ESTJ,A,3285,12432
704,황지지,여성,37,김책,010-3437-4496,트레이너,대신증권,고졸,요가,ESTJ,O,5143,11973
705,강유우,여성,33,인천,010-0530-2070,배우,농심,대졸,골프,ESTJ,O,33943,3258
706,이혜유,여성,25,마포,010-0698-0227,변호사,한국전력공사,고졸,댄스,ISTJ,O,10426,318
707,안성지,여성,31,대전,010-6931-9723,파일럿,KT&G,대학원졸,조깅,ESFJ,B,13763,8472
708,박서우,여성,21,창원,010-5499-9499,회계사,GS칼텍스,대학원졸,요트,INTJ,A,6370,15726
709,엄성선,여성,34,경주,010-2975-4830,호텔리어,현대자동차,대졸,요가,ISFP,O,3335,4264
710,하준진,여성,39,만포,010-6228-5270,목수,한진칼,대졸,여행,INFP,B,4485,5915
711,우우준,여성,23,경산,010-7803-0079,어부,삼성전기,대졸,골프,INTP,A,2482,14519
712,고혜성,여성,28,교토,010-3231-0455,의사,NH농협은행,대학원졸,자수,ESTP,O,17869,544624
713,구진혜,여성,29,영양,010-1606-8781,배관공,RBW,대졸,서핑,ENFJ,A,5187,19793
714,임지현,여성,46,구미,010-7866-8737,승무원,RBW,대학원졸,사진촬영,INFJ,O,5106,6013
715,안성원,여성,28,사리원,010-5312-9704,인테리어디자이너,DSP미디어,대학원졸,음악감상,INTJ,B,7764,13639
716,백성준,여성,46,여주,010-1877-5724,건축가,셀트리온,대졸,종이접기,ESFP,AB,5578,9180
717,엄진혜,여성,32,포천,010-8009-6892,교사,롯데제과,대졸,자수,ESTP,B,5498,12835
718,오주혜,여성,24,금천,010-4317-7839,여행가이드,SK바이오팜,고졸,승마,INTJ,A,4245,15593
719,임원서,여성,29,고양,010-5377-9656,호텔리어,한진칼,대졸,칼리그래피,ISFJ,AB,5774,734807
720,오혜주,여성,42,영천,010-8870-1916,여행가이드,LG이노텍,고졸,운동,ENFJ,A,4418,789
721,임원영,여성,47,울산,010-2509-4153,회계사,현대중공업지주,대졸,도예,INTP,AB,7328,6420
722,류유도,여성,32,강계,010-9747-3405,택시운전사,삼성중공업,고졸,자수,ENTJ,O,3159,12065
723,고영하,여성,33,창원,010-0292-0845,과학자,LG화학,고졸,낚시,ESTP,O,7058,18763
724,우예주,여성,29,태백,010-5185-7749,건축가,한국철강,고졸,카드게임,ISTJ,O,5261,9226
725,하민지,여성,38,시흥,010-1723-0647,기자,삼성중공업,고졸,뜨개질,INTJ,B,5934,12537
726,차혜준,여성,28,원주,010-6510-9953,어부,현대중공업,대졸,여행,ISTP,B,4394,303110
727,최서성,여성,24,청주,010-4271-6043,약사,CJ제일제당,대졸,여행,ISTP,B,5455,15328
728,권영미,여성,18,고성,010-9040-6897,변호사,신세계백화점,대졸,베이킹,ISFJ,B,12088,16841
729,서현우,여성,34,텐진,010-3336-7624,기자,수협은행,고졸,요트,ESTJ,A,6221,6827
730,송서성,여성,48,인제,010-3183-7900,파일럿,CJ대한통운,대졸,요트,ESTJ,B,14368,4604
731,서윤서,여성,18,울진,010-3083-5208,가수,현대일렉트릭,대학원졸,유튜브제작,INTJ,B,29274,11483
732,변하하,여성,46,강계,010-7166-2281,대학교수,NH농협은행,대학원졸,목공예,INTP,AB,5754,8523
733,엄하희,여성,38,사리원,010-6140-5412,번역가,대구은행,고졸,그림그리기,ENFP,O,6032,4377
734,오지성,여성,35,함흥,010-5978-3080,운동선수,한화솔루션,대학원졸,댄스,ENTJ,B,43767,1315
735,여준서,여성,36,태백,010-9403-6372,학원강사,이마트,대졸,독서,INFJ,AB,3563,2036
736,노진성,여성,29,여수,010-3561-1136,판매원,대우건설,대졸,카드게임,INTP,O,3400,19073
737,정영희,여성,37,강계,010-1809-5879,목수,롯데쇼핑,대졸,게임,INFP,O,4810,11973
738,구성미,여성,25,광주,010-4902-6614,의사,아시아나항공,고졸,캠핑,ISFJ,O,18233,10870
739,이원윤,여성,46,도봉,010-6172-0308,의사,현대일렉트릭,대졸,DIY,ESTJ,A,15450,13225
740,이서우,여성,39,광명,010-3497-8431,의사,LG전자,고졸,서예,ESTP,O,15611,3853
741,문도성,여성,39,평양,010-6238-3246,프로그래머,삼성전자,대졸,마술,ENTJ,A,6681,9879
742,구원영,여성,18,나주,010-2614-7335,농부,LG이노텍,대학원졸,자전거타기,ENFJ,A,4778,2643
743,조예주,여성,47,울진,010-3408-9753,건축가,브레이브엔터테인먼트,고졸,그림그리기,INTJ,B,7417,211449
744,지원하,여성,20,금천,010-2659-0586,디자이너,동부건설,대졸,베이킹,ENFJ,AB,3616,849
745,차유윤,여성,22,울진,010-8378-1888,건축가,현대중공업,대학원졸,외국어학습,ENTJ,O,7617,11636
746,오민지,여성,45,청주,010-4522-9619,여행가이드,한국조선해양,대졸,승마,INFJ,B,4932,9147
747,전주현,여성,33,남해,010-0672-6165,경찰관,한솔제지,대학원졸,베이킹,ISFP,A,3734,18973
748,주윤윤,여성,23,예천,010-3750-4310,운전기사,삼성전기,고졸,바둑,ISTJ,AB,3065,4178
749,고민우,여성,34,울릉,010-3622-6873,기계공,삼성엔지니어링,고졸,서핑,INFP,O,3157,3364
750,오희희,여성,49,동관,010-3235-4430,트레이너,현대건설기계,고졸,사진촬영,ESTP,B,4279,682937
751,나윤지,여성,26,원산,010-7675-4960,간호사,포스코,대학원졸,요트,ENFJ,A,3372,11386
752,백민준,여성,19,부천,010-9944-4004,호텔리어,현대백화점,대학원졸,자전거타기,ENTP,B,5061,2843
753,임원지,여성,47,통영,010-5480-0107,전기기술자,SK하이닉스,고졸,체스,INFP,B,6037,17231
754,하지도,여성,25,서초,010-8510-9591,패션디자이너,현대일렉트릭,고졸,퀼트,INFP,A,5577,11973
755,정유혜,여성,30,서울,010-9582-0732,작가,포스코인터내셔널,대학원졸,저글링,ENFJ,O,5007,19030
756,성원우,여성,28,포항,010-9095-8868,어부,롯데홈쇼핑,대학원졸,음악감상,ISFP,B,3885,10492
757,이혜서,여성,32,김책,010-9673-1889,사진작가,PNATION,대졸,악기연주,ISFP,B,4358,941180
758,남지주,여성,37,구리,010-0873-2135,소방관,신한금융지주,대학원졸,외국어학습,ESTP,O,5734,17464
759,남자원,여성,44,양산,010-4094-6395,화가,SK네트웍스,대학원졸,바둑,ESFJ,AB,4174,2877
760,홍예희,여성,18,신흥,010-0069-4639,화가,동아제약,고졸,탁구,INTP,AB,5191,8209
761,변희자,여성,31,김해,010-2367-3049,엔지니어,동원F&B,대졸,서예,INFJ,B,5996,10880
762,정도진,여성,49,함흥,010-5561-7026,판매원,현대오토에버,고졸,칼리그래피,ENTJ,O,2877,17685
763,황선원,여성,34,창원,010-7218-1603,디자이너,KT&G,대학원졸,DIY,ISTJ,B,4919,7941
764,장주희,여성,32,광주,010-2679-8674,배관공,넥슨코리아,고졸,등산,ESTP,AB,5250,10787
765,강서우,여성,43,예천,010-6781-1830,엔지니어,LG하우시스,고졸,영화감상,ISFJ,B,7725,16263
766,안영현,여성,49,도쿄,010-0827-9477,간호사,한국동서발전,대학원졸,퍼즐,ISFJ,B,4531,992759
767,서주민,여성,33,전주,010-7920-7250,여행가이드,동원F&B,고졸,유튜브제작,ESFJ,B,3053,7448
768,진희하,여성,44,황주,010-9784-6364,여행가이드,KTCS,대졸,DIY,ISTP,A,4556,405
769,권영주,여성,40,상주,010-5586-0493,판매원,SK네트웍스,대학원졸,퍼즐,ISFJ,O,2813,7865
770,차도자,여성,43,서초,010-1779-1937,간호사,대한항공,대학원졸,테니스,INTJ,A,5860,2311
771,임선우,여성,28,삼천포,010-6229-4659,가수,DSP미디어,고졸,필라테스,ESTJ,AB,23738,18082
772,박준혜,여성,20,태백,010-1205-0498,작가,LotteDutyFree,고졸,퍼즐,ESTJ,B,9635,11391
773,주예미,여성,35,성북,010-7281-7075,번역가,한국투자증권,대졸,요트,ISTP,A,5010,481797
774,박준선,여성,31,마포,010-6187-7286,과학자,삼성증권,고졸,저글링,ESTP,AB,5224,13247
775,우지지,여성,46,만포,010-9965-0734,택시운전사,STX,대졸,골프,ENTJ,A,2777,16005
776,탁준윤,여성,21,대전,010-8657-1507,배관공,토스뱅크,대졸,자수,INTJ,B,5001,19398
777,고희희,여성,42,LA,010-7132-6154,경찰관,하나금융투자,고졸,등산,ENTJ,A,5207,9813
778,고지진,여성,49,신의주,010-4234-8480,연구원,현대건설기계,대졸,베이킹,INTP,B,9417,6918
779,한희자,여성,31,전주,010-1213-7607,작가,NH농협은행,대졸,수영,ISFJ,B,7862,4174
780,임주지,여성,28,수원,010-5271-8887,패션디자이너,한국철강,고졸,조깅,ENTJ,A,4630,11406
781,차하자,여성,20,부천,010-8883-0015,어부,한국투자증권,고졸,가드닝,INTJ,B,3477,8404
782,차선민,여성,18,상해,010-5277-0556,메이크업아티스트,아시아나항공,고졸,바둑,INTJ,B,6632,16878
783,박유주,여성,38,수원,010-2808-4486,택시운전사,CJENM,대학원졸,스노보드,ENTP,AB,3221,907179
784,민유서,여성,48,의성,010-1327-0151,배우,대한제강,고졸,볼링,ENFJ,AB,7608,839
785,박서혜,여성,19,목포,010-5713-5719,교사,JYP엔터테인먼트,대졸,노래부르기,ESFJ,O,5216,687982
786,김자주,여성,18,삼천포,010-2628-8094,대학교수,이마트,고졸,서핑,ENFJ,B,8688,5040
787,전지원,여성,31,양구,010-2749-0362,배우,현대엘리베이터,대학원졸,스케이트보드,ESFP,A,29336,8521
788,여하선,여성,23,울릉,010-2040-7440,배관공,한화에어로스페이스,고졸,양궁,ISFP,B,4031,3375
789,배성영,여성,32,청진,010-4197-4196,건축가,LG디스플레이,고졸,필라테스,ESFJ,B,7273,16177
790,주영서,여성,27,안산,010-6270-8835,요리사,PNATION,고졸,음악감상,ESTJ,AB,4829,7234
791,엄현하,여성,35,봉화,010-0963-2615,헤어디자이너,포스코인터내셔널,대졸,등산,ENTP,AB,2894,15107
792,윤하예,여성,25,천안,010-4698-4389,택시운전사,롯데제과,대학원졸,볼링,ENTP,B,2656,3852
793,고지윤,여성,49,동작,010-6699-4167,과학자,NH농협은행,대학원졸,볼링,ISTP,AB,10120,4226
794,심지진,여성,37,용인,010-6255-3016,배우,교보증권,대학원졸,운동,INFJ,B,43813,533
795,최지우,여성,45,양구,010-7807-4350,인테리어디자이너,광주은행,대졸,등산,ISTP,AB,3157,7462
796,나미예,여성,29,영천,010-4932-8332,사진작가,대한제강,대졸,애완동물키우기,ENFJ,AB,3149,12448
797,임혜선,여성,37,김책,010-3207-2666,의사,S-OIL,고졸,퍼즐,ISFP,A,19606,331
798,지희유,여성,30,횡성,010-6685-2799,교사,KB증권,고졸,댄스,INTP,AB,4368,19037
799,배혜민,여성,34,성남,010-1699-5286,메이크업아티스트,한화솔루션,고졸,칼리그래피,ISTP,B,5495,17330
800,고도진,여성,41,경주,010-8781-5272,디자이너,현대건설기계,대학원졸,등산,ESFJ,O,4627,9286
801,김예윤,여성,26,강릉,010-6117-2262,목수,LG생활건강,대졸,그림그리기,INFJ,A,2541,326080
802,탁서도,여성,37,의성,010-6029-5051,기계공,현대하이닉스,대졸,뜨개질,INTP,O,5791,553592
803,손미주,여성,40,대구,010-8732-7761,영양사,현대카드,대학원졸,블로깅,ISTP,B,2954,8809
804,안성미,여성,24,신흥,010-6943-0339,수의사,키움증권,대졸,사진촬영,ISFP,A,5079,814
805,허자성,여성,25,뉴욕,010-5358-8722,엔지니어,STX,대졸,블로깅,ESTJ,B,4193,972569
806,고자자,여성,26,목포,010-3852-5204,작가,한국조선해양,고졸,자전거타기,ESFP,A,4001,10108
807,신혜유,여성,31,남양주,010-1021-2951,배우,삼성증권,대학원졸,양궁,ESTJ,A,33762,8050
808,성민혜,여성,46,교토,010-4089-7466,배우,한국전력공사,대졸,서핑,ESTJ,A,32712,9188
809,주선유,여성,47,삼척,010-3427-0481,헤어디자이너,삼성카드,대학원졸,볼링,ISTP,B,5450,375142
810,송원민,여성,41,영천,010-0836-5404,운전기사,한화솔루션,대졸,캠핑,ENTP,B,3485,719381
811,문윤유,여성,41,횡성,010-0786-6662,호텔리어,KCC,고졸,캠핑,ISFJ,AB,5491,12064
812,민윤예,여성,46,통영,010-0525-5728,용접공,대구은행,대학원졸,볼링,ISFJ,A,5424,9955
813,하우예,여성,28,양구,010-9681-8007,택시운전사,CJ제일제당,대졸,뜨개질,ISTP,AB,3009,14665
814,장서원,여성,26,예천,010-3468-7475,회계사,현대상선,대졸,클라이밍,ENFJ,A,9836,5519
815,송영유,여성,24,파주,010-7260-2118,마케터,CJ제일제당,고졸,스노보드,ENTP,B,3175,14039
816,이하미,여성,35,태백,010-4537-9143,패션디자이너,전북은행,대학원졸,유튜브제작,ENTJ,AB,9460,14728
817,엄성혜,여성,44,울릉,010-6133-1802,건축가,케이프투자증권,대졸,서핑,ESFP,AB,7266,10721
818,구현현,여성,43,텐진,010-3283-0240,배관공,신세계,고졸,카드게임,INTJ,AB,3177,1088
819,임영우,여성,33,진해,010-2622-2818,연구원,대한항공,대학원졸,퍼즐,INTJ,AB,3946,12923
820,지지하,여성,48,대전,010-7230-7835,운전기사,KB증권,대졸,악기연주,ENFP,O,3105,9311
821,오성미,여성,38,철원,010-7026-6247,용접공,KT,대학원졸,DIY,ISFJ,B,5709,8824
822,손우진,여성,43,울릉,010-4590-9545,대학교수,SKC,대졸,요리대회참가,INTJ,B,8984,14201
823,정하주,여성,31,서울,010-4711-1737,패션디자이너,삼성SDS,고졸,요가,INFP,AB,4707,11921
824,구혜혜,여성,20,철원,010-0119-0993,버스운전사,교보증권,대학원졸,여행,ESTJ,O,3104,11726
825,최미지,여성,35,교토,010-3018-7345,통역사,현대카드,고졸,악기연주,ENTP,B,3627,18738
826,주민지,여성,22,광주,010-9183-9306,운동선수,푸르밀,고졸,바둑,ISFP,B,11801,9583
827,차하영,여성,23,원산,010-5069-7134,디자이너,현대위아,대학원졸,블로깅,INFP,AB,3143,14192
828,민희희,여성,49,도봉,010-8125-9916,인테리어디자이너,NH농협은행,대학원졸,카드게임,INTJ,O,6203,9273
829,엄지희,여성,41,중랑,010-3661-2717,엔지니어,WM엔터테인먼트,고졸,저글링,INFJ,B,7461,992336
830,여선도,여성,32,서울,010-0370-7966,교사,KTB투자증권,대학원졸,블로깅,INFJ,AB,3266,7054
831,전지미,여성,45,포천,010-4456-8864,패션디자이너,SK이노베이션,대졸,배드민턴,ENTP,B,9631,16692
832,허민자,여성,40,신흥,010-1743-3872,코치,카카오,대학원졸,탁구,ESFJ,B,8992,10025
833,조윤미,여성,25,진해,010-1064-3382,기자,네이버,고졸,운동,ISTP,B,4258,16370
834,탁지현,여성,24,베이징,010-1345-0031,건축가,삼성SDS,대졸,DIY,INTP,AB,7320,4461
835,박우지,여성,23,안동,010-6780-9907,변호사,HYBE,고졸,자전거타기,ISFJ,O,14317,7170
836,구영민,여성,33,은평,010-8196-3798,택시운전사,삼성중공업,고졸,스키,ISTP,O,2337,6198
837,민선영,여성,44,울진,010-6709-0860,농부,한국조선해양,대졸,DIY,ESFJ,O,3666,19852
838,민윤도,여성,28,청진,010-5174-9740,기계공,두산,대학원졸,카드게임,ESTP,AB,3573,18565
839,지유지,여성,34,중랑,010-9824-0628,파일럿,PNATION,고졸,춤,ENTJ,A,14365,15621
840,김유영,여성,22,서울,010-8911-5351,코치,GS건설,대학원졸,노래부르기,INFP,B,9486,18944
841,민지지,여성,45,교토,010-6345-6302,과학자,NH농협은행,대졸,배드민턴,ENFJ,AB,8523,5558
842,이성우,여성,35,성남,010-4641-8711,트레이너,카카오엔터테인먼트,대졸,도예,ESTP,AB,4238,15307
843,김예선,여성,30,평성,010-2489-1555,트레이너,한화투자증권,고졸,유튜브제작,ISTJ,O,5181,4654
844,나하영,여성,26,함흥,010-0578-7101,인테리어디자이너,SK증권,대학원졸,DIY,INTJ,O,7290,11526
845,김민성,여성,39,상해,010-4316-1874,여행가이드,S-OIL,대학원졸,요트,ENTJ,A,2585,5108
846,성혜지,여성,30,창녕,010-6606-3220,배관공,삼성SDI,대졸,골프,ESTP,AB,5887,735
847,우선윤,여성,42,서울,010-0699-4830,과학자,금호석유화학,고졸,댄스,ESFP,B,7686,12137
848,류민현,여성,29,고성,010-1832-6966,코치,이마트24,대졸,서핑,ENTJ,O,8776,3828
849,구미준,여성,44,인천,010-2352-7128,코치,삼성생명,대졸,서예,INTP,O,4214,18993
850,변우서,여성,45,여수,010-5595-7017,의사,신세계백화점,고졸,캠핑,ISFJ,AB,18363,11327
851,한예영,여성,24,안주,010-4693-5352,판매원,대구은행,고졸,명상,ISFP,AB,3685,15657
852,박영미,여성,43,은평,010-4178-5564,용접공,롯데쇼핑,대졸,그림그리기,INFJ,B,4068,197
853,차미서,여성,33,울릉,010-3069-7431,헤어디자이너,하나은행,대졸,운동,ESTJ,O,4583,15954
854,조서유,여성,32,도봉,010-6002-3370,건축가,삼성물산,고졸,영화감상,ENFP,AB,11588,85921
855,한윤혜,여성,42,영천,010-4867-2403,메이크업아티스트,SK바이오사이언스,고졸,칼리그래피,INFP,O,5320,5184
856,전하영,여성,42,평성,010-3612-9573,화가,현대자동차,고졸,가드닝,INTP,A,6144,17633
857,장서우,여성,37,원주,010-9834-1580,기자,새마을금고,대졸,마술,INFJ,O,3000,8911
858,노영자,여성,31,양산,010-1591-6320,헤어디자이너,부산은행,고졸,종이접기,ENFP,A,6164,13195
859,양원자,여성,34,교토,010-6451-5275,기자,IBK기업은행,대졸,퀼트,INTP,B,4308,12194
860,배민현,여성,48,개성,010-1138-6879,가수,SK증권,대졸,자전거타기,ESTP,B,3822,4149
861,송성진,여성,33,통영,010-7777-5898,영양사,현대건설,대학원졸,양궁,ENTJ,B,4369,17112
862,손도윤,여성,19,울산,010-2785-5882,버스운전사,HYBE,대졸,블로깅,INFJ,B,3090,10074
863,탁서윤,여성,23,봉화,010-0814-4078,헤어디자이너,네이버,대학원졸,명상,INTP,A,4055,16574
864,한우선,여성,31,울진,010-2536-1099,헤어디자이너,한국투자증권,대학원졸,요리,ISFJ,B,3336,19541
865,민영원,여성,44,동해,010-7681-1622,디자이너,현대건설,대학원졸,애완동물키우기,INFP,AB,5975,2753
866,배희진,여성,46,서울,010-5764-7671,승무원,부산은행,대학원졸,테니스,ISTP,O,6350,10566
867,엄지윤,여성,18,강릉,010-6844-4507,과학자,하나은행,고졸,도예,ESTJ,A,8157,18244
868,지자영,여성,48,원산,010-2112-1807,작가,빅히트뮤직,고졸,게임,INTP,A,8629,16927
869,전유자,여성,33,LA,010-3330-1231,의사,넥슨코리아,고졸,뜨개질,ESFJ,O,12565,17626
870,이준원,여성,41,여수,010-1529-5572,패션디자이너,신한금융지주,대학원졸,탁구,ENFP,A,5057,2928
871,차도혜,여성,20,금천,010-0075-4034,경찰관,신한은행,대졸,저글링,INFJ,O,5605,15711
872,노서미,여성,42,봉화,010-4899-7668,학원강사,신한금융지주,고졸,독서,INTJ,AB,5404,9539
873,정원유,여성,32,원주,010-6210-4491,프로그래머,STX,대졸,조깅,INTP,A,3748,7380
874,문성예,여성,48,영양,010-6788-2362,전기기술자,한국전력공사,대학원졸,서예,ENFJ,O,6448,13395
875,박우우,여성,41,안주,010-6572-9815,교사,한화그룹,대졸,요리,INFP,B,5461,18242
876,탁지지,여성,38,청진,010-1258-2123,영양사,이마트,고졸,카드게임,INFJ,AB,2816,2425
877,안미예,여성,41,밀양,010-7016-3769,요리사,DB금융투자,대학원졸,게임,ESFJ,A,7927,16339
878,전현원,여성,40,도쿄,010-0215-4201,전기기술자,한국제지,대졸,조깅,ISTP,B,4731,14574
879,임윤예,여성,24,고성,010-9239-4685,학원강사,롯데쇼핑,대졸,댄스,ESTP,A,3588,18130
880,배서민,여성,30,여수,010-5472-9895,판매원,현대리바트,고졸,외국어학습,ESFJ,O,3696,2154
881,조준유,여성,26,인제,010-1352-3820,프로그래머,현대중공업,고졸,조깅,ESTJ,AB,8059,14910
882,임선지,여성,40,통영,010-6237-3410,운동선수,한화에어로스페이스,고졸,게임,INFJ,B,3016,1531
883,황준도,여성,45,하남,010-6209-8869,운전기사,현대오일뱅크,대학원졸,조깅,ESFP,O,3360,1409
884,손미희,여성,45,고령,010-3697-7788,택시운전사,한화투자증권,대학원졸,보드게임,ESTJ,B,3572,14521
885,강자유,여성,49,여주,010-2836-2292,수의사,현대하이닉스,대학원졸,요리대회참가,ISFJ,O,8557,16516
886,강현우,여성,35,해주,010-9392-7872,작가,SK네트웍스,대학원졸,서예,ISFP,AB,2530,3106
887,고지지,여성,26,하남,010-3521-1915,인테리어디자이너,카카오게임즈,대졸,그림그리기,ENTP,O,6237,13172
888,오성윤,여성,22,서초,010-9595-7264,교사,HYBE,대학원졸,스케이트보드,INTP,A,5762,18469
889,배서주,여성,40,베이징,010-4971-2622,디자이너,광주은행,고졸,목공예,ISTP,A,3455,325986
890,류미윤,여성,46,수원,010-5751-5418,작가,카카오뱅크,대학원졸,저글링,ESFP,B,5811,791101
891,백자희,여성,46,의성,010-2603-1096,요리사,CJ대한통운,고졸,낚시,ESFP,A,3396,13484
892,박도현,여성,26,영주,010-9067-4886,과학자,현대백화점,대학원졸,스케이트보드,ENFP,AB,9956,138
893,임희하,여성,20,해주,010-7493-6854,간호사,WM엔터테인먼트,고졸,양궁,ESTJ,AB,5836,5312
894,강영주,여성,21,경주,010-3392-7365,의사,두산중공업,대졸,승마,INTJ,O,19591,5878
895,손준윤,여성,42,베이징,010-3103-4432,의사,KT&G,고졸,서핑,ESFJ,A,8835,5643
896,진하성,여성,31,강릉,010-5545-0366,요리사,SK네트웍스,고졸,요리대회참가,ESFP,B,6735,4385
897,송서준,여성,41,경주,010-7746-6205,교사,현대엘리베이터,고졸,여행,ENTP,AB,3801,17968
898,배원희,여성,39,안주,010-8690-4404,트레이너,키움증권,대졸,종이접기,ISFP,A,5724,8430
899,이예서,여성,42,교토,010-4640-9429,패션디자이너,삼성증권,고졸,음악감상,ESTP,O,5746,19115
900,엄희윤,여성,25,철원,010-8609-4198,과학자,GS칼텍스,고졸,애완동물키우기,INFP,AB,9287,8785
901,서준도,여성,26,동작,010-9762-1640,경찰관,KB증권,대학원졸,스키,ISFJ,A,5967,17490
902,손유현,여성,19,포천,010-0714-0055,학원강사,아모레퍼시픽,대학원졸,유튜브제작,ENFP,A,3821,2106
903,한성영,여성,43,사리원,010-3784-4657,가수,GS칼텍스,대학원졸,스노보드,INFJ,O,35918,10307
904,안하선,여성,45,목포,010-8321-8690,경찰관,동아제약,대졸,음악감상,ESTJ,B,4250,8440
905,장지미,여성,25,용인,010-1459-6826,패션디자이너,LG하우시스,고졸,애완동물키우기,ENTJ,B,5484,6586
906,구진원,여성,33,은평,010-3077-9701,사진작가,현대위아,고졸,캠핑,ENFJ,O,2989,7734
907,구준지,여성,37,밀양,010-6442-8480,수의사,LotteDutyFree,대학원졸,외국어학습,INFP,A,6192,402299
908,하윤우,여성,19,수원,010-0901-7286,번역가,안테나,대졸,서예,ENTP,AB,6975,349
909,주민선,여성,28,해주,010-9603-0322,버스운전사,KB금융지주,대졸,퀼트,ENFP,A,4165,11337
910,탁자민,여성,22,양산,010-7622-0766,경찰관,대신증권,대졸,댄스,ESTJ,A,5113,920675
911,탁원민,여성,31,청진,010-7266-9927,메이크업아티스트,현대상선,대졸,조깅,ISFJ,B,6586,10224
912,이도지,여성,20,태백,010-5070-7435,영양사,씨티은행,대졸,사진촬영,ENFJ,A,2763,13199
913,나영지,여성,31,LA,010-7156-5989,요리사,우리은행,대학원졸,사진촬영,ENFJ,B,3002,10459
914,박현혜,여성,23,부천,010-7833-9471,승무원,STX,대졸,양궁,ENFJ,O,5091,13133
915,탁원미,여성,31,신흥,010-4250-3018,의사,삼성엔지니어링,대학원졸,캠핑,ENFJ,O,19663,5059
916,진진민,여성,33,양구,010-4495-1569,배관공,토스뱅크,대학원졸,DIY,ISTJ,A,4845,3244
917,홍유미,여성,37,여수,010-1402-0427,대학교수,SK바이오사이언스,대학원졸,체스,ENFP,A,5654,2420
918,나성영,여성,22,고령,010-2733-6683,프로그래머,키움증권,대학원졸,조깅,ISFP,AB,6439,5119
919,변도예,여성,45,평성,010-5437-9875,파일럿,젤리피쉬엔터테인먼트,대졸,카드게임,ISFJ,AB,12243,57253
920,배우서,여성,44,영양,010-4385-0696,여행가이드,현대상선,대학원졸,클라이밍,INTP,B,3787,796129
921,심예준,여성,34,고령,010-6071-8229,목수,SC제일은행,대졸,종이접기,ESTJ,B,3259,15383
922,윤미미,여성,31,여주,010-2018-8867,영양사,빅히트뮤직,대졸,퍼즐,ENTP,B,2936,6446
923,황유영,여성,22,진해,010-8832-0130,영양사,동아제약,대졸,탁구,INTP,AB,4806,599
924,엄영하,여성,28,도쿄,010-3278-1359,변호사,대한항공,고졸,음악감상,ESTJ,A,7451,15334
925,우준선,여성,27,김해,010-4828-4518,회계사,한화에어로스페이스,대졸,도예,ISFP,O,8403,388840
926,탁혜자,여성,44,삼천포,010-7595-9252,패션디자이너,광주은행,대학원졸,승마,ISTJ,A,7654,4618
927,진원도,여성,30,동관,010-7073-6339,수의사,GS칼텍스,고졸,서핑,INFJ,B,7170,3876
928,나지민,여성,27,신의주,010-5037-4640,배관공,기아,대졸,스노보드,INFP,O,5354,17540
929,이서원,여성,47,성남,010-8141-5490,헤어디자이너,SK이노베이션,대학원졸,마술,ESTJ,A,2710,18674
930,홍미준,여성,30,부산,010-3955-5757,용접공,현대오토에버,고졸,양궁,ENFP,B,5400,600
931,엄자자,여성,19,라선,010-7039-2581,어부,SK이노베이션,고졸,도예,ISTJ,O,5102,5269
932,변주영,여성,35,안양,010-2458-2214,프로그래머,한화큐셀,고졸,체스,INTP,AB,8107,2287
933,배현지,여성,25,철원,010-5248-6504,프로그래머,S-OIL,대학원졸,낚시,ESFP,A,4976,13346
934,양성희,여성,26,화성,010-0706-5622,통역사,LG하우시스,대졸,노래부르기,ENTJ,A,6997,12825
935,남자준,여성,23,개성,010-8545-1357,배관공,삼성SDS,고졸,음악감상,ISTJ,A,3850,2671
936,강하민,여성,41,양양,010-9957-3891,의사,포스코인터내셔널,대학원졸,명상,ISTJ,O,17888,14549
937,구지준,여성,28,동작,010-0972-7876,인테리어디자이너,스타쉽엔터테인먼트,대학원졸,보드게임,ISFJ,O,4403,13886
938,박서진,여성,39,천안,010-7315-9836,소방관,신세계,고졸,베이킹,ISTJ,AB,4832,19363
939,최지예,여성,26,도쿄,010-6396-4218,트레이너,삼성중공업,대졸,춤,ISFP,AB,4505,14450
940,엄지민,여성,31,남포,010-5702-2428,파일럿,BNK투자증권,고졸,악기연주,ENTP,O,9146,18319
941,최영하,여성,38,금천,010-4122-4538,프로그래머,신한금융지주,대졸,음악감상,INFP,AB,9659,9778
942,하우우,여성,26,수원,010-9704-0637,기계공,현대리바트,고졸,낚시,ENFJ,B,5767,7739
943,임미희,여성,30,양주,010-9076-3736,메이크업아티스트,KB금융지주,대학원졸,승마,ESFP,A,3529,1738
944,류지준,여성,27,서울,010-0726-5817,버스운전사,메리츠증권,고졸,헬스,INTJ,O,3948,19745
945,박유유,여성,26,뉴욕,010-5025-5350,프로그래머,SK바이오사이언스,대학원졸,스노보드,ESFJ,AB,4454,14932
946,황미성,여성,28,양산,010-5206-4016,파일럿,한진칼,대학원졸,뜨개질,ENTJ,O,6498,18672
947,백성우,여성,33,베이징,010-0971-7512,승무원,한화생명,대학원졸,스노보드,ISFJ,O,4689,17080
948,최유원,여성,49,영주,010-1716-3345,과학자,LG하우시스,대졸,외국어학습,INFP,A,6825,13513
949,강도예,여성,26,경주,010-7971-2696,가수,SC제일은행,대졸,퀼트,INFP,A,20672,19419
950,남현진,여성,28,교토,010-8042-6682,의사,KB금융지주,고졸,베이킹,ISFJ,AB,17172,570552
951,안희도,여성,44,오사카,010-2052-2450,버스운전사,롯데마트,고졸,서예,INFJ,B,3945,1905
952,남선우,여성,20,오사카,010-4434-1249,코치,이베스트투자증권,대졸,요트,ENFJ,A,7873,858177
953,백미지,여성,45,평양,010-9769-7390,파일럿,CJ제일제당,대졸,악기연주,INTP,AB,6982,18580
954,이하지,여성,31,나주,010-9976-0598,간호사,하나은행,대학원졸,베이킹,ESFJ,A,5621,7329
955,변준지,여성,22,강릉,010-6466-8755,기자,KB증권,대졸,스키,INFJ,B,3457,13573
956,양원지,여성,41,안산,010-0079-8629,프로그래머,SM엔터테인먼트,고졸,목공예,ESTP,B,5034,2321
957,윤영원,여성,43,김포,010-9872-2159,패션디자이너,SC제일은행,고졸,퀼트,ENTJ,AB,5222,890581
958,고서현,여성,32,대구,010-5295-5845,택시운전사,SK바이오팜,고졸,스노보드,ENFJ,AB,3677,18428
959,신진자,여성,33,함흥,010-4658-3852,약사,대한항공,대졸,블로깅,ESFP,O,6529,4703
960,진지원,여성,33,고령,010-6178-2940,여행가이드,삼성디스플레이,대학원졸,춤,ESTJ,A,4081,2366
961,박희우,여성,41,중랑,010-5062-4134,전기기술자,교보증권,고졸,독서,INTP,O,5765,8978
962,변도하,여성,37,의성,010-3718-9136,의사,안테나,대졸,낚시,ESTP,B,17316,12928
963,안자영,여성,42,경산,010-5891-7498,엔지니어,롯데쇼핑,대학원졸,퍼즐,ENFP,A,3612,12866
964,고자도,여성,39,고양,010-5045-0466,배우,울림엔터테인먼트,고졸,요트,ESTJ,A,9259,7082
965,나우예,여성,33,용인,010-4268-5722,기자,삼성전기,고졸,음악감상,ESFP,O,6163,14361
966,윤도선,여성,39,시흥,010-1756-2541,화가,SK머티리얼즈,고졸,테니스,ISFP,A,8506,13352
967,이주준,여성,31,삼천포,010-4550-7057,약사,미래에셋증권,대학원졸,조깅,ISTJ,A,5888,9410
968,성혜예,여성,47,경산,010-3588-8651,가수,한화투자증권,대졸,캠핑,INTJ,AB,37029,12227
969,류윤진,여성,32,금천,010-2059-3410,약사,케이프투자증권,대학원졸,종이접기,ISTJ,AB,7501,2923
970,손도윤,여성,19,밀양,010-6600-5450,코치,삼성SDS,고졸,사진촬영,ESFP,O,3645,8048
971,류자원,여성,29,영천,010-4644-6018,전기기술자,현대건설,대학원졸,서핑,INTJ,B,6681,16702
972,문지민,여성,32,창녕,010-4897-7648,인테리어디자이너,롯데마트,고졸,스키,ENTJ,B,6714,876710
973,임준하,여성,48,상주,010-2987-0804,회계사,현대위아,대졸,승마,INFJ,A,5675,4598
974,엄주선,여성,28,금천,010-8094-3729,운동선수,대한제강,대졸,볼링,ESFJ,B,47528,8509
975,유자하,여성,20,신흥,010-5458-1190,디자이너,안테나,대졸,댄스,INTP,B,3244,558
976,남주혜,여성,31,동관,010-1038-8836,운동선수,우리은행,대졸,외국어학습,INTP,B,17126,13730
977,심유원,여성,43,포천,010-7988-7945,판매원,GS리테일,대졸,캠핑,INTP,A,3906,8761
978,송우준,여성,34,신의주,010-5869-9947,화가,판타지오,고졸,요리,ESTJ,O,2077,18271
979,나원희,여성,29,포항,010-3619-8569,전기기술자,케이프투자증권,대학원졸,마술,ISTP,A,6132,918923
980,유우원,여성,45,성남,010-0539-8973,파일럿,안테나,대학원졸,마술,ESFJ,A,7271,3019
981,임지지,여성,31,전주,010-8215-3917,요리사,삼성전자,대졸,댄스,ESTJ,AB,2831,9855
982,최희희,여성,48,양주,010-5860-1378,변호사,현대위아,고졸,운동,ENTP,B,14728,12386
983,주유선,여성,40,여주,010-7150-6392,요리사,포스코인터내셔널,대학원졸,서핑,INFJ,B,4156,11962
984,고서영,여성,47,경산,010-5634-4061,요리사,롯데쇼핑,대학원졸,스케이트보드,INTJ,AB,4258,15988
985,허자도,여성,38,은평,010-7858-8402,파일럿,CJENM,대졸,악기연주,INTJ,O,7474,7807
986,손희유,여성,46,영주,010-2597-2008,프로그래머,삼성디스플레이,대졸,가드닝,ENTJ,O,6527,8303
987,구주성,여성,38,성진,010-2731-7784,수의사,DSP미디어,대학원졸,사진촬영,ESFJ,AB,6808,2275
988,정윤준,여성,35,양주,010-4167-6234,회계사,한화호텔앤드리조트,대학원졸,음악감상,INFJ,B,6860,3644
989,조하선,여성,47,영천,010-7280-5289,기계공,WM엔터테인먼트,대학원졸,보드게임,ESTJ,AB,4702,1923
990,서원희,여성,32,의정부,010-2219-9978,목수,한화그룹,대졸,명상,ISTP,AB,4356,2874
991,황지성,여성,46,성남,010-0500-4948,작가,포스코인터내셔널,대졸,도예,INFP,AB,9219,872
992,강진우,여성,34,송파,010-1134-2355,판매원,카카오,대학원졸,수영,INFJ,O,2319,11511
993,최희혜,여성,47,인천,010-5539-6531,배관공,현대중공업지주,대학원졸,운동,ESFJ,O,2975,875483
994,고선우,여성,41,진주,010-2950-2086,학원강사,신세계,대학원졸,헬스,ESFJ,AB,4499,7165
995,배혜준,여성,46,평성,010-4197-3950,파일럿,삼성중공업,대학원졸,목공예,ISFP,A,8691,774525
996,한자예,여성,49,여수,010-1985-0352,통역사,한화에어로스페이스,고졸,서예,ISTP,AB,5678,16775
997,권현현,여성,20,울릉,010-5683-1069,어부,한국제지,대졸,영화감상,ISTJ,A,3130,17098
998,신미윤,여성,19,나주,010-4792-8035,영양사,STX,고졸,골프,ESTP,B,2838,12848
999,백우원,여성,39,중랑,010-0027-0148,운동선수,SK바이오사이언스,고졸,여행,ENFP,AB,42499,1884
1000,여혜하,여성,22,삼척,010-5582-7639,대학교수,대구은행,고졸,등산,ISFJ,A,8988,9546
